studentId,studentName,department,year,course,marks,cgpa,attendance,city,gender,semester,admissionDate
100,Dishal,MECH,4,MTech,73.11,6.17,61.85,Hyderabad,Male,4,2022-03-28
102,Kiran,ECE,2,BBA,70.33,6.2,75.8,Coimbatore,Male,1,2024-04-27
103,Arjun,IT,3,BCA,78.27,9.16,77.5,Bangalore,Female,8,2023-01-21
104,Priya,BIOTECH,4,BS,92.8,6.45,75.82,Delhi,Female,1,2024-01-28
105,Rahul,ECE,1,BSW,77.98,8.73,97.62,Delhi,Female,5,2023-04-24
106,Sneha,CSE,3,MSW,87.81,7.99,76.68,Hyderabad,Female,2,2024-11-19
107,Rahul,MECH,4,BCom,72.76,6.95,63.29,Delhi,Female,3,2022-10-02
108,Sneha,FASHION,1,BCA,66.42,6.47,85.07,Hyderabad,Female,6,2023-06-19
109,Priya,EEE,1,BCom,69.36,8.56,95.63,Coimbatore,Female,1,2025-09-22
110,Arjun,CIVIL,3,MBA,64.85,7.63,97.52,Hyderabad,Female,5,2022-02-02
111,Arjun,IT,4,BCom,75.42,9.41,68.49,Munaar,Male,6,2022-08-07
112,Dishal,ECE,1,BBA,59.14,7.71,92.16,Munaar,Female,7,2024-03-14
113,Ananya,CIVIL,2,MTech,75.6,8.14,63.91,Munaar,Female,4,2024-07-04
114,Ananya,EEE,1,MS,97.1,8.55,67.02,Chennai,Male,4,2025-09-04
115,Priya,IT,1,BBA,81.54,9.96,74.27,Mumbai,Female,2,2024-01-08
116,Dishal,CIVIL,4,MCom,75.24,7.78,82.94,Mumbai,Male,4,2024-11-09
117,Priya,CIVIL,1,BSW,67.07,9.38,71.14,Munaar,Male,6,2024-09-05
118,Arjun,CHEMICAL,2,MTech,90.98,6.78,65.31,Chennai,Female,3,2025-02-06
119,Kiran,ECE,4,MTech,80.22,8.86,90.66,Hyderabad,Female,8,2025-03-18
120,Dishal,CSE,4,BCom,59.79,7.0,98.05,Bangalore,Male,7,2024-11-21
121,Rahul,CIVIL,1,BBA,95.75,6.15,96.11,Pune,Male,3,2022-08-17
122,Sneha,FASHION,4,MCom,63.43,9.47,62.94,Chennai,Female,3,2025-05-21
123,Dishal,CSE,2,MCA,69.17,7.2,80.87,Hyderabad,Female,8,2022-06-08
124,Dishal,ECE,3,BS,61.94,9.29,92.5,Munaar,Male,5,2022-03-29
125,Arjun,FASHION,3,BS,74.53,8.24,61.31,Munaar,Male,6,2024-06-22
126,Priya,IT,2,BCA,99.41,7.94,96.99,Mumbai,Male,6,2023-12-08
127,Priya,CIVIL,1,MSW,79.08,9.15,62.66,Hyderabad,Female,5,2023-03-21
128,Priya,FASHION,2,MSW,87.53,6.19,94.55,Chennai,Male,3,2024-08-11
129,Dishal,CHEMICAL,2,MCA,95.34,9.32,88.48,Coimbatore,Male,5,2023-03-23
130,Arjun,IT,1,BCom,83.85,8.08,63.15,Mumbai,Female,2,2025-11-30
131,Dishal,CHEMICAL,4,MS,71.7,8.58,62.09,Chennai,Female,5,2024-09-24
132,Dishal,CHEMICAL,1,BSW,73.29,8.79,66.34,Munaar,Female,8,2025-04-10
133,Ananya,IT,2,MTech,71.21,7.88,77.85,Pune,Male,1,2024-06-12
134,Rahul,IT,1,MCom,63.12,7.33,91.47,Pune,Female,5,2023-10-08
135,Sneha,MECH,4,MTech,53.52,8.43,90.84,Bangalore,Male,6,2022-01-09
136,Priya,MECH,3,BTech,99.1,6.06,84.79,Munaar,Male,6,2024-05-18
137,Dishal,IT,2,MCom,68.42,9.94,80.1,Hyderabad,Male,4,2025-04-06
138,Dishal,CIVIL,4,BCA,83.92,9.27,85.37,Coimbatore,Female,5,2022-06-03
139,Dishal,MECH,4,BBA,93.24,9.76,87.9,Mumbai,Male,8,2023-02-25
140,Arjun,CIVIL,2,MSW,68.69,6.8,80.08,Munaar,Female,2,2023-10-05
141,Arjun,CSE,4,MSW,67.63,8.98,72.02,Hyderabad,Female,6,2023-05-10
142,Priya,CSE,3,BCom,54.99,7.67,80.28,Hyderabad,Male,2,2024-11-07
143,Ananya,CHEMICAL,3,BBA,93.33,8.67,89.79,Mumbai,Male,4,2024-08-11
144,Kiran,CIVIL,4,BS,82.81,6.87,72.28,Munaar,Male,3,2023-09-12
145,Arjun,IT,2,MCom,57.9,6.87,61.58,Coimbatore,Female,1,2024-01-04
146,Kiran,IT,2,BBA,79.04,8.59,97.58,Coimbatore,Male,7,2022-06-17
147,Sneha,EEE,2,BSW,96.18,8.63,90.27,Delhi,Female,5,2025-04-26
148,Ananya,BIOTECH,3,MSW,52.17,8.76,73.46,Munaar,Female,1,2024-08-13
149,Arjun,EEE,4,MBA,75.02,7.12,97.42,Coimbatore,Male,2,2025-04-26
150,Ananya,CHEMICAL,3,BSW,59.55,6.78,93.57,Chennai,Female,2,2022-07-09
151,Arjun,BIOTECH,4,MSW,52.64,9.4,81.78,Chennai,Male,1,2025-10-23
152,Dishal,EEE,4,MCA,50.43,7.99,92.94,Hyderabad,Male,3,2024-02-03
153,Dishal,CIVIL,3,BTech,94.69,8.95,60.14,Bangalore,Female,6,2022-11-09
154,Sneha,CIVIL,1,BS,98.3,7.9,70.28,Munaar,Male,8,2023-11-04
155,Dishal,FASHION,1,MCom,94.58,8.16,75.03,Hyderabad,Male,1,2023-11-30
156,Ananya,BIOTECH,4,BBA,90.08,8.63,77.84,Chennai,Male,5,2025-01-27
157,Dishal,EEE,2,MSW,83.13,6.65,69.58,Munaar,Female,1,2025-09-11
158,Priya,IT,3,MCA,66.05,6.68,66.27,Bangalore,Female,6,2022-03-03
159,Kiran,ECE,1,BSW,85.14,6.87,71.59,Chennai,Male,5,2022-06-09
160,Ananya,CSE,4,MS,66.68,8.64,98.88,Bangalore,Female,7,2022-10-07
161,Rahul,FASHION,2,MTech,91.22,8.99,72.14,Mumbai,Male,8,2024-08-17
162,Arjun,IT,3,BCom,99.44,8.95,60.35,Hyderabad,Female,5,2024-08-24
163,Sneha,ECE,3,BS,68.6,6.77,96.5,Mumbai,Male,8,2023-02-13
164,Dishal,CIVIL,2,MSW,58.67,6.41,93.26,Pune,Male,3,2024-10-12
165,Dishal,ECE,4,BBA,54.45,9.99,76.32,Bangalore,Male,1,2022-07-16
166,Kiran,FASHION,4,BCA,53.13,7.06,79.76,Mumbai,Male,3,2023-07-27
167,Sneha,BIOTECH,4,MCA,57.8,6.35,83.66,Hyderabad,Male,4,2023-07-02
168,Rahul,BIOTECH,4,MTech,91.74,8.54,81.96,Chennai,Female,4,2025-04-24
169,Dishal,CHEMICAL,1,MBA,79.15,9.31,62.37,Chennai,Female,6,2023-04-28
170,Ananya,MECH,4,BS,66.23,6.78,86.89,Hyderabad,Female,8,2025-07-14
171,Ananya,CHEMICAL,3,BCom,80.29,6.72,86.29,Munaar,Male,1,2024-03-20
172,Rahul,MECH,1,MSW,78.55,8.96,67.95,Pune,Male,8,2025-10-29
173,Dishal,EEE,2,BCA,55.84,6.03,83.23,Bangalore,Male,8,2025-03-11
174,Sneha,IT,1,MCA,87.31,7.59,84.51,Mumbai,Male,1,2023-04-01
175,Kiran,FASHION,2,BSW,54.31,8.35,78.18,Bangalore,Male,7,2022-10-25
176,Priya,MECH,3,BTech,74.9,8.46,74.97,Bangalore,Female,8,2025-10-31
177,Priya,CIVIL,1,MSW,93.23,9.09,99.31,Pune,Male,3,2024-05-31
178,Dishal,FASHION,3,MTech,91.84,6.44,89.6,Bangalore,Female,4,2024-03-25
179,Kiran,EEE,4,BCom,83.31,7.66,78.36,Coimbatore,Male,1,2022-02-22
180,Rahul,FASHION,3,MTech,55.26,8.57,83.18,Munaar,Female,1,2022-06-29
181,Kiran,CHEMICAL,4,MCA,60.9,6.07,88.49,Mumbai,Female,1,2025-04-21
182,Kiran,ECE,1,MS,70.34,8.91,99.29,Munaar,Female,2,2024-02-23
183,Arjun,CIVIL,4,MCA,92.47,6.58,72.87,Munaar,Female,2,2024-01-05
184,Dishal,MECH,3,MCom,50.01,7.65,78.47,Chennai,Male,5,2024-11-16
185,Rahul,IT,1,MBA,66.16,8.25,65.5,Chennai,Female,2,2025-10-10
186,Ananya,CHEMICAL,3,BSW,64.59,6.92,70.08,Hyderabad,Male,8,2025-08-02
187,Ananya,ECE,2,BCA,82.06,9.67,61.67,Coimbatore,Female,5,2022-03-12
188,Kiran,FASHION,4,MCA,57.82,6.58,96.63,Hyderabad,Male,8,2024-01-28
189,Ananya,FASHION,4,BS,69.03,8.82,71.17,Hyderabad,Male,1,2022-05-23
190,Priya,MECH,1,MS,82.96,6.88,92.23,Coimbatore,Male,3,2025-03-23
191,Sneha,MECH,4,BBA,92.02,8.45,87.11,Delhi,Male,3,2024-08-09
192,Sneha,FASHION,2,BBA,95.74,7.9,91.34,Hyderabad,Female,3,2025-07-20
193,Ananya,EEE,3,MS,61.46,8.31,72.37,Munaar,Female,8,2025-02-12
194,Dishal,CSE,3,MSW,84.59,9.64,86.6,Delhi,Male,4,2022-02-27
195,Sneha,CSE,1,MSW,57.9,7.17,62.51,Mumbai,Female,3,2023-12-26
196,Sneha,IT,2,MTech,79.6,6.75,87.02,Coimbatore,Female,1,2023-04-20
197,Dishal,BIOTECH,2,BCA,99.54,9.15,87.3,Mumbai,Male,8,2022-11-01
198,Sneha,CSE,3,MSW,84.84,7.81,79.35,Pune,Male,7,2024-04-17
199,Rahul,IT,2,BTech,91.83,9.89,95.22,Coimbatore,Male,6,2025-04-01
200,Rahul,ECE,3,BTech,86.26,7.34,72.79,Munaar,Female,3,2025-08-23
201,Ananya,CSE,3,MSW,84.03,6.86,78.59,Mumbai,Male,8,2025-08-21
202,Ananya,BIOTECH,1,BTech,52.73,9.56,62.73,Chennai,Female,1,2025-07-28
203,Ananya,ECE,3,MSW,92.77,7.91,67.92,Coimbatore,Male,2,2024-04-19
204,Rahul,CIVIL,3,MBA,88.34,7.43,93.12,Mumbai,Male,4,2025-12-06
205,Sneha,BIOTECH,1,MTech,81.71,6.03,77.92,Munaar,Male,1,2024-11-17
206,Dishal,BIOTECH,2,MCA,93.37,9.33,65.95,Coimbatore,Female,5,2023-06-22
207,Arjun,IT,4,BCom,78.05,9.35,65.58,Coimbatore,Male,4,2025-08-14
208,Arjun,CHEMICAL,2,BCA,70.46,7.81,74.05,Delhi,Male,6,2025-02-27
209,Priya,CSE,1,MCA,70.61,8.02,61.36,Mumbai,Male,2,2024-06-22
210,Arjun,CIVIL,3,MTech,85.44,8.18,60.35,Mumbai,Female,6,2024-09-16
211,Ananya,CHEMICAL,2,BCom,82.9,8.32,92.16,Delhi,Female,2,2023-03-31
212,Kiran,EEE,1,BSW,84.65,7.28,90.02,Bangalore,Male,2,2024-02-06
213,Rahul,ECE,3,MS,74.26,6.14,83.28,Hyderabad,Male,2,2024-01-31
214,Sneha,BIOTECH,2,BS,76.09,8.46,66.37,Coimbatore,Female,2,2024-03-05
215,Dishal,FASHION,3,BCA,97.29,6.63,92.3,Delhi,Female,1,2023-04-27
216,Sneha,ECE,2,MS,80.17,8.66,67.55,Mumbai,Male,1,2025-05-02
217,Sneha,CSE,2,MBA,74.63,7.8,99.6,Munaar,Female,7,2025-06-05
218,Dishal,IT,2,MBA,71.66,8.5,77.52,Chennai,Female,7,2025-06-30
219,Arjun,CHEMICAL,3,BTech,98.02,9.6,97.71,Chennai,Male,5,2025-11-18
220,Arjun,CIVIL,1,BCom,50.87,7.77,95.69,Delhi,Male,3,2025-09-24
221,Kiran,BIOTECH,3,MS,59.99,8.94,87.44,Munaar,Female,6,2024-07-02
222,Ananya,MECH,4,BCA,54.35,7.83,87.54,Delhi,Male,2,2023-05-31
223,Dishal,MECH,2,BSW,91.25,9.52,76.09,Mumbai,Female,7,2025-12-14
224,Arjun,ECE,2,MBA,80.68,9.08,91.56,Coimbatore,Male,2,2023-06-09
225,Priya,IT,1,MSW,72.86,6.28,98.53,Chennai,Female,8,2024-11-01
226,Ananya,BIOTECH,1,MTech,50.65,9.24,81.64,Bangalore,Male,5,2024-01-08
227,Kiran,CSE,2,BSW,53.69,7.84,92.82,Delhi,Female,5,2024-02-12
228,Dishal,MECH,4,BBA,84.52,8.95,70.79,Chennai,Male,8,2023-05-01
229,Rahul,CSE,4,BS,74.21,7.42,87.59,Pune,Male,7,2025-03-29
230,Rahul,BIOTECH,4,BS,78.04,7.39,91.87,Pune,Female,7,2025-05-04
231,Sneha,EEE,3,MBA,51.91,7.92,61.23,Bangalore,Male,3,2022-02-27
232,Sneha,MECH,4,MCA,88.95,9.7,98.39,Chennai,Female,2,2024-06-13
233,Rahul,ECE,2,BCA,83.23,8.01,94.69,Chennai,Female,7,2023-07-26
234,Priya,CIVIL,1,MS,51.84,8.33,78.35,Bangalore,Female,6,2023-04-29
235,Priya,FASHION,2,MS,77.21,8.32,96.98,Hyderabad,Male,7,2024-04-29
236,Ananya,CHEMICAL,1,MS,73.28,7.92,64.65,Delhi,Female,4,2023-12-30
237,Dishal,BIOTECH,2,MBA,87.56,8.41,72.02,Pune,Male,8,2022-08-12
238,Rahul,CSE,3,BCA,93.98,6.5,84.86,Mumbai,Male,3,2025-11-30
239,Kiran,FASHION,4,MS,58.71,8.26,65.18,Chennai,Male,8,2024-07-18
240,Kiran,FASHION,2,MCom,97.65,9.47,63.91,Chennai,Male,2,2025-10-07
241,Ananya,ECE,4,BS,96.12,8.22,90.58,Coimbatore,Male,7,2022-04-26
242,Arjun,MECH,1,BSW,50.41,6.99,66.73,Hyderabad,Male,8,2023-09-14
243,Dishal,CSE,2,BS,59.66,7.54,76.35,Hyderabad,Female,1,2025-09-02
244,Ananya,CHEMICAL,3,BSW,80.86,6.35,70.43,Delhi,Female,1,2024-10-08
245,Kiran,IT,2,BBA,76.94,8.7,81.36,Bangalore,Male,6,2022-01-21
246,Rahul,BIOTECH,3,MCA,92.81,6.03,82.91,Delhi,Male,7,2024-03-21
247,Priya,CSE,4,BS,71.86,6.07,87.62,Pune,Female,6,2025-03-18
248,Rahul,MECH,4,MCA,55.73,6.74,86.6,Pune,Female,8,2024-09-29
249,Rahul,EEE,3,BSW,83.81,8.31,98.36,Mumbai,Male,1,2025-01-26
250,Rahul,FASHION,3,MSW,54.92,6.48,61.18,Bangalore,Male,8,2023-07-23
251,Arjun,CIVIL,1,BTech,99.52,7.02,80.65,Coimbatore,Female,5,2025-07-25
252,Kiran,ECE,3,MTech,75.41,6.61,62.44,Hyderabad,Female,8,2024-02-15
253,Rahul,CIVIL,4,BCom,80.22,8.72,96.95,Delhi,Female,2,2025-11-19
254,Priya,CIVIL,1,MCA,81.94,9.07,86.93,Bangalore,Female,1,2022-10-25
255,Dishal,BIOTECH,1,MCA,68.23,7.47,75.64,Bangalore,Male,2,2023-10-27
256,Sneha,CIVIL,1,MBA,68.41,6.47,93.87,Chennai,Female,6,2022-11-04
257,Rahul,EEE,1,BCA,65.06,8.39,81.6,Chennai,Female,6,2022-08-03
258,Arjun,CIVIL,1,BCA,55.53,6.74,90.49,Pune,Male,7,2024-11-24
259,Arjun,CSE,3,MSW,55.6,8.32,63.29,Pune,Male,3,2022-06-02
260,Kiran,CIVIL,4,BBA,95.07,8.72,98.55,Hyderabad,Male,8,2022-07-10
261,Sneha,IT,3,BS,93.17,6.27,70.76,Chennai,Female,3,2025-01-12
262,Sneha,BIOTECH,3,MCom,94.44,8.04,76.96,Delhi,Female,3,2025-03-08
263,Sneha,BIOTECH,4,BSW,68.8,7.26,71.83,Mumbai,Female,6,2022-11-21
264,Arjun,IT,2,BSW,92.32,8.43,63.83,Bangalore,Male,5,2022-08-06
265,Ananya,ECE,4,MBA,64.66,6.01,94.36,Pune,Female,4,2022-09-03
266,Priya,CSE,1,MCA,74.21,9.08,94.53,Pune,Female,8,2022-08-04
267,Dishal,MECH,1,BCA,89.46,7.6,76.55,Hyderabad,Male,1,2025-02-13
268,Dishal,EEE,2,MTech,57.23,9.83,60.69,Pune,Male,4,2025-01-09
269,Rahul,BIOTECH,3,MS,79.61,9.78,61.02,Coimbatore,Male,7,2024-09-09
270,Dishal,IT,4,MS,56.4,6.72,93.61,Coimbatore,Male,8,2022-05-16
271,Rahul,IT,1,BTech,69.36,8.68,61.86,Bangalore,Female,8,2023-02-03
272,Sneha,FASHION,2,MCom,63.89,8.36,80.23,Munaar,Male,5,2024-12-20
273,Sneha,CSE,1,BTech,70.01,7.13,86.93,Hyderabad,Female,2,2022-08-30
274,Arjun,EEE,2,BSW,70.45,6.03,89.1,Munaar,Female,5,2023-12-13
275,Sneha,EEE,1,MCA,90.27,8.87,63.4,Coimbatore,Male,7,2022-10-30
276,Priya,MECH,3,MS,81.08,8.34,96.4,Bangalore,Male,5,2024-05-10
277,Arjun,BIOTECH,1,MCom,78.07,7.76,87.8,Bangalore,Female,6,2024-12-29
278,Rahul,IT,4,MSW,97.66,7.02,81.4,Bangalore,Male,4,2022-11-09
279,Kiran,ECE,1,BBA,98.26,6.31,88.5,Munaar,Female,8,2024-05-09
280,Rahul,MECH,4,MSW,61.39,9.04,68.85,Chennai,Female,1,2023-11-03
281,Ananya,IT,4,BCom,99.34,8.4,97.31,Mumbai,Female,2,2022-10-06
282,Sneha,CIVIL,3,BTech,68.9,6.68,99.38,Mumbai,Male,8,2022-06-26
283,Rahul,CIVIL,4,MBA,87.22,8.32,77.71,Bangalore,Female,6,2022-11-26
284,Sneha,MECH,2,BBA,55.06,8.34,74.37,Coimbatore,Male,6,2022-02-21
285,Ananya,BIOTECH,1,BS,50.91,7.89,92.71,Pune,Male,7,2024-07-03
286,Dishal,FASHION,2,MBA,53.42,7.12,99.83,Hyderabad,Female,6,2024-01-12
287,Kiran,CSE,1,BTech,87.91,7.2,88.53,Munaar,Male,6,2025-07-24
288,Arjun,FASHION,3,MTech,63.97,7.16,73.0,Pune,Male,1,2022-04-17
289,Kiran,CSE,3,MSW,58.79,6.75,77.69,Mumbai,Female,1,2024-07-29
290,Dishal,FASHION,2,BTech,87.46,6.46,92.32,Coimbatore,Male,8,2024-10-13
291,Rahul,IT,4,MTech,67.29,7.11,94.63,Pune,Female,7,2022-09-18
292,Arjun,FASHION,2,MCom,93.76,8.62,97.02,Hyderabad,Male,5,2024-04-27
293,Rahul,CHEMICAL,2,MS,84.28,8.33,77.02,Mumbai,Female,5,2022-10-02
294,Rahul,CSE,4,MSW,66.7,6.5,77.45,Delhi,Female,5,2022-07-13
295,Dishal,EEE,1,MCA,59.01,9.78,79.44,Bangalore,Female,6,2024-07-01
296,Dishal,EEE,3,MTech,83.07,6.83,96.32,Bangalore,Female,2,2024-06-22
297,Rahul,EEE,4,BSW,77.99,9.3,95.19,Bangalore,Female,7,2022-03-19
298,Rahul,CIVIL,2,BTech,57.15,7.77,68.72,Delhi,Male,2,2023-08-16
299,Arjun,FASHION,1,BSW,78.78,6.73,62.81,Mumbai,Female,1,2023-09-10
300,Dishal,IT,2,MCA,90.97,9.73,82.96,Chennai,Female,7,2024-08-05
301,Kiran,CHEMICAL,1,MCom,59.79,8.87,62.29,Hyderabad,Female,5,2022-01-19
302,Arjun,FASHION,4,MS,63.97,6.87,94.35,Coimbatore,Male,7,2025-07-01
303,Ananya,FASHION,1,MBA,78.91,9.55,92.61,Mumbai,Male,5,2022-09-20
304,Kiran,FASHION,2,BCom,54.37,7.86,70.74,Chennai,Female,4,2025-04-11
305,Ananya,ECE,2,MS,76.25,9.8,96.09,Coimbatore,Female,3,2022-01-06
306,Arjun,BIOTECH,4,BSW,87.36,6.39,85.18,Munaar,Female,8,2022-05-06
307,Rahul,MECH,1,MCom,63.16,6.36,60.2,Chennai,Female,6,2023-02-05
308,Dishal,CHEMICAL,1,BTech,88.14,9.62,82.43,Munaar,Female,8,2024-08-11
309,Ananya,BIOTECH,1,BCA,81.4,6.29,87.9,Pune,Male,6,2023-11-09
310,Kiran,ECE,4,BSW,89.17,6.27,68.76,Pune,Female,4,2022-11-27
311,Dishal,CHEMICAL,1,MCom,68.38,9.2,99.65,Coimbatore,Female,8,2024-09-13
312,Priya,CHEMICAL,1,MCom,90.95,9.47,77.59,Pune,Female,5,2022-12-18
313,Kiran,BIOTECH,3,BBA,74.01,6.44,72.59,Hyderabad,Male,5,2024-04-25
314,Priya,FASHION,1,MS,92.89,8.12,66.56,Coimbatore,Female,8,2022-08-23
315,Sneha,IT,2,BSW,70.69,6.49,65.06,Bangalore,Male,4,2022-05-03
316,Rahul,CIVIL,4,BS,90.41,7.01,78.59,Hyderabad,Male,1,2022-01-19
317,Arjun,CIVIL,4,BCom,53.3,7.71,69.54,Bangalore,Female,8,2025-03-09
318,Ananya,ECE,1,BCA,93.35,9.29,93.0,Delhi,Female,6,2022-03-12
319,Arjun,ECE,4,MCom,93.04,8.03,68.59,Pune,Female,7,2025-02-10
320,Arjun,CSE,2,BTech,60.5,7.59,79.86,Delhi,Male,7,2022-11-28
321,Kiran,BIOTECH,1,MBA,76.79,9.23,81.62,Mumbai,Male,4,2023-04-13
322,Kiran,FASHION,1,BCA,61.21,8.48,79.34,Hyderabad,Male,5,2023-05-31
323,Rahul,CHEMICAL,1,MSW,77.52,8.11,64.09,Mumbai,Male,4,2022-04-19
324,Kiran,IT,4,MBA,74.1,9.27,77.75,Bangalore,Female,6,2023-05-10
325,Priya,CSE,4,MTech,67.19,8.22,73.01,Munaar,Male,7,2025-09-21
326,Ananya,CHEMICAL,1,MCom,89.96,9.05,74.41,Delhi,Female,7,2022-05-16
327,Arjun,EEE,1,BTech,88.61,6.48,96.77,Munaar,Female,3,2022-01-16
328,Kiran,CSE,1,BCA,62.51,8.52,73.52,Munaar,Female,5,2024-03-20
329,Rahul,MECH,3,BCom,71.09,9.91,94.67,Chennai,Male,6,2025-03-09
330,Ananya,IT,2,MCom,51.46,9.99,66.45,Coimbatore,Female,8,2023-12-17
331,Rahul,MECH,4,MS,84.55,9.73,69.2,Bangalore,Female,5,2023-11-23
332,Priya,EEE,2,BCA,92.92,9.87,61.3,Bangalore,Female,1,2025-07-14
333,Kiran,MECH,2,BCA,70.01,8.61,87.41,Delhi,Male,5,2022-02-18
334,Dishal,CHEMICAL,4,MBA,98.32,9.43,66.57,Mumbai,Female,7,2023-11-16
335,Rahul,FASHION,2,MCA,81.57,6.5,96.99,Mumbai,Male,3,2024-09-14
336,Ananya,MECH,4,MBA,93.21,6.92,95.96,Hyderabad,Female,2,2025-12-22
337,Priya,IT,3,BCA,84.66,8.49,67.93,Chennai,Female,7,2024-11-02
338,Arjun,CHEMICAL,1,BSW,78.57,7.99,93.88,Mumbai,Female,1,2024-08-07
339,Rahul,MECH,1,BCA,90.74,9.59,64.75,Mumbai,Female,3,2025-02-25
340,Priya,CSE,3,BCom,51.89,6.11,62.55,Pune,Male,2,2022-03-14
341,Rahul,CHEMICAL,4,MCom,95.28,9.48,72.06,Delhi,Female,3,2022-06-05
342,Priya,CIVIL,2,BTech,60.13,9.49,86.51,Pune,Male,8,2025-09-24
343,Kiran,IT,2,BBA,79.08,9.62,83.73,Delhi,Female,1,2025-02-20
344,Priya,EEE,3,BTech,98.99,9.06,99.38,Pune,Female,3,2022-03-20
345,Kiran,CSE,1,BCom,75.54,7.45,72.03,Delhi,Female,6,2023-01-30
346,Arjun,CIVIL,4,BBA,99.03,9.15,89.65,Bangalore,Female,7,2025-03-23
347,Sneha,FASHION,2,MCA,96.33,9.26,76.95,Munaar,Female,1,2023-03-31
348,Arjun,ECE,4,MS,81.07,8.42,81.27,Munaar,Male,7,2025-10-16
349,Dishal,CSE,3,BTech,54.17,7.51,61.33,Hyderabad,Female,4,2024-07-31
350,Dishal,CSE,2,BCom,76.59,8.52,63.1,Delhi,Male,4,2022-01-05
351,Sneha,CHEMICAL,1,MTech,64.78,7.45,76.19,Bangalore,Male,5,2023-07-24
352,Rahul,FASHION,1,BBA,81.47,7.24,67.25,Bangalore,Female,5,2022-05-17
353,Dishal,CIVIL,3,BBA,77.14,9.62,90.51,Bangalore,Female,8,2022-12-07
354,Dishal,FASHION,4,BCA,76.84,8.03,65.65,Bangalore,Male,3,2022-02-01
355,Ananya,EEE,2,MBA,53.57,8.03,87.12,Mumbai,Female,8,2024-10-01
356,Arjun,ECE,1,MCA,53.24,9.6,79.02,Munaar,Male,7,2023-05-05
357,Dishal,EEE,4,MTech,94.53,8.25,81.58,Pune,Male,8,2022-01-27
358,Sneha,FASHION,4,BSW,75.94,7.5,92.32,Hyderabad,Male,1,2022-11-30
359,Ananya,FASHION,1,MS,99.59,8.52,84.71,Mumbai,Male,7,2025-08-08
360,Sneha,MECH,3,BS,79.57,8.3,81.72,Munaar,Female,7,2022-06-19
361,Sneha,EEE,2,MSW,89.04,8.82,66.25,Bangalore,Male,5,2023-08-15
362,Kiran,ECE,4,BCom,70.8,7.67,62.67,Hyderabad,Female,6,2023-09-27
363,Ananya,CHEMICAL,3,BS,95.3,6.35,80.6,Hyderabad,Male,8,2023-08-06
364,Sneha,FASHION,3,BCA,52.5,7.6,68.11,Hyderabad,Female,5,2022-06-13
365,Dishal,CSE,2,MCom,98.95,7.09,84.42,Delhi,Female,1,2022-06-19
366,Rahul,CHEMICAL,4,BS,84.03,7.7,64.78,Coimbatore,Male,1,2024-03-04
367,Kiran,MECH,3,MS,88.8,6.12,97.53,Pune,Male,6,2024-11-05
368,Sneha,CIVIL,1,BBA,66.96,8.18,99.93,Chennai,Female,8,2023-11-01
369,Rahul,MECH,1,MSW,65.54,7.29,65.16,Coimbatore,Male,5,2022-02-03
370,Arjun,CIVIL,2,BSW,97.07,7.49,69.2,Chennai,Male,1,2023-09-23
371,Kiran,BIOTECH,4,BTech,84.18,9.57,92.89,Chennai,Female,7,2025-07-17
372,Priya,CHEMICAL,1,MBA,63.09,8.05,77.31,Chennai,Female,1,2022-03-16
373,Priya,CIVIL,1,MCom,55.02,6.95,70.55,Chennai,Male,3,2023-07-26
374,Dishal,CIVIL,4,BSW,82.82,7.89,60.88,Chennai,Male,8,2024-02-03
375,Kiran,MECH,1,BCA,89.65,9.05,74.35,Hyderabad,Female,6,2022-11-07
376,Kiran,MECH,4,BCom,65.13,9.34,87.31,Bangalore,Female,3,2023-07-11
377,Dishal,IT,3,BTech,66.73,6.98,76.23,Delhi,Male,4,2024-03-08
378,Ananya,IT,2,MCA,82.98,6.64,94.46,Hyderabad,Female,1,2022-08-31
379,Sneha,MECH,3,MTech,87.76,8.33,84.94,Mumbai,Male,3,2023-10-05
380,Sneha,CSE,4,MS,60.19,6.11,67.15,Delhi,Male,8,2025-06-03
381,Rahul,BIOTECH,1,MBA,93.9,6.17,68.37,Delhi,Female,5,2024-10-09
382,Arjun,ECE,3,BSW,54.25,7.09,79.34,Munaar,Female,6,2025-04-10
383,Rahul,FASHION,2,BCom,95.97,9.99,83.65,Munaar,Female,3,2022-01-03
384,Ananya,IT,3,BBA,85.56,7.16,85.64,Pune,Female,8,2025-12-07
385,Dishal,BIOTECH,2,BS,99.11,6.74,97.26,Hyderabad,Female,3,2024-03-11
386,Ananya,CHEMICAL,4,BCA,90.92,7.94,66.12,Hyderabad,Female,1,2022-11-02
387,Dishal,CIVIL,1,MTech,97.29,8.91,89.09,Munaar,Male,1,2023-07-20
388,Arjun,MECH,4,MTech,97.13,8.06,77.86,Hyderabad,Female,4,2025-09-29
389,Rahul,FASHION,2,MSW,55.54,7.19,81.62,Mumbai,Female,2,2022-12-22
390,Rahul,EEE,3,BCom,69.46,8.33,74.19,Pune,Male,8,2022-03-02
391,Sneha,MECH,1,MCA,98.64,7.33,90.27,Munaar,Female,2,2025-07-31
392,Kiran,FASHION,4,MCA,76.23,7.99,84.1,Delhi,Male,6,2025-07-17
393,Sneha,FASHION,1,BCom,85.58,6.38,85.4,Delhi,Male,1,2025-05-06
394,Sneha,FASHION,1,MTech,53.57,8.66,73.1,Hyderabad,Female,1,2024-02-15
395,Priya,CSE,2,MBA,70.43,7.79,77.51,Chennai,Male,4,2024-02-24
396,Rahul,FASHION,4,MCom,95.83,9.92,62.84,Pune,Male,1,2023-05-16
397,Arjun,ECE,2,BCom,51.34,9.61,90.18,Munaar,Male,8,2022-05-29
398,Sneha,BIOTECH,3,BBA,95.84,8.17,86.05,Delhi,Male,8,2024-05-24
399,Rahul,ECE,4,BTech,83.71,9.32,70.17,Hyderabad,Female,7,2025-09-26
400,Priya,CSE,2,MBA,60.76,7.01,90.96,Coimbatore,Male,1,2025-06-01
401,Arjun,CSE,4,BCA,66.72,7.78,81.8,Coimbatore,Female,5,2022-11-20
402,Kiran,IT,4,BCA,73.98,9.23,84.07,Munaar,Female,7,2023-03-13
403,Arjun,IT,4,MS,90.65,9.7,94.91,Mumbai,Male,8,2022-07-08
404,Ananya,EEE,2,MCom,59.8,7.66,70.75,Bangalore,Male,6,2025-07-24
405,Priya,CIVIL,4,BSW,57.82,8.07,78.32,Munaar,Male,1,2023-12-03
406,Kiran,FASHION,2,BSW,56.86,9.69,62.92,Mumbai,Male,7,2023-01-21
407,Kiran,IT,3,BCom,92.0,6.16,98.9,Chennai,Male,4,2024-07-10
408,Priya,CHEMICAL,3,MBA,70.69,6.66,94.22,Pune,Female,6,2025-05-30
409,Arjun,FASHION,3,MCom,98.22,8.02,69.56,Mumbai,Female,2,2022-12-09
410,Rahul,CHEMICAL,2,BTech,56.96,8.14,82.0,Hyderabad,Male,5,2023-02-28
411,Ananya,ECE,4,BCA,98.67,9.56,87.04,Hyderabad,Female,2,2024-03-10
412,Sneha,EEE,4,BSW,91.44,6.38,89.05,Bangalore,Female,8,2024-07-30
413,Dishal,EEE,4,BTech,87.02,8.64,74.64,Munaar,Male,5,2025-09-02
414,Kiran,EEE,3,BBA,92.09,9.5,96.1,Pune,Male,1,2023-01-19
415,Ananya,MECH,4,MBA,76.77,9.03,70.64,Bangalore,Female,8,2023-10-01
416,Ananya,BIOTECH,1,MTech,84.0,9.63,88.88,Coimbatore,Female,8,2025-04-22
417,Sneha,BIOTECH,4,MBA,71.48,8.6,94.17,Bangalore,Male,5,2025-07-02
418,Arjun,EEE,2,BCA,50.32,8.04,85.23,Munaar,Female,1,2024-08-25
419,Rahul,BIOTECH,1,BCom,63.62,7.52,66.89,Mumbai,Male,5,2022-07-13
420,Kiran,CHEMICAL,1,BTech,58.17,8.87,72.08,Hyderabad,Male,3,2023-07-31
421,Priya,FASHION,2,BCom,92.24,6.06,77.85,Munaar,Male,5,2024-07-19
422,Kiran,ECE,4,BSW,77.49,6.63,86.63,Hyderabad,Male,1,2023-04-19
423,Sneha,MECH,2,BS,58.45,7.7,74.5,Bangalore,Female,7,2023-09-23
424,Sneha,EEE,1,MCom,95.46,9.32,78.99,Munaar,Male,2,2022-02-18
425,Ananya,CSE,1,MBA,97.06,9.68,65.68,Pune,Male,5,2025-09-15
426,Kiran,CSE,1,MCA,87.24,7.48,95.64,Munaar,Male,6,2024-09-24
427,Rahul,CSE,1,BCA,74.29,7.37,70.25,Chennai,Male,3,2023-02-24
428,Dishal,CHEMICAL,3,BSW,64.04,8.91,86.53,Coimbatore,Male,8,2022-03-06
429,Ananya,MECH,2,MBA,79.76,9.66,72.63,Bangalore,Male,6,2024-03-24
430,Ananya,ECE,2,BCom,78.28,9.77,67.7,Pune,Female,7,2025-04-04
431,Rahul,CHEMICAL,4,MCom,88.05,7.65,64.71,Mumbai,Male,2,2023-05-13
432,Arjun,EEE,1,BS,56.89,9.72,92.36,Pune,Male,6,2023-11-23
433,Rahul,BIOTECH,3,MS,53.17,7.66,71.8,Munaar,Female,4,2025-07-24
434,Priya,EEE,3,MSW,83.44,9.15,64.27,Hyderabad,Female,6,2022-09-13
435,Ananya,EEE,1,BBA,93.09,9.72,82.27,Bangalore,Female,5,2022-03-28
436,Kiran,IT,4,BTech,96.29,7.94,77.4,Delhi,Male,1,2023-04-14
437,Priya,CSE,3,BCom,60.21,6.2,69.82,Munaar,Male,6,2025-12-13
438,Arjun,IT,4,BTech,69.47,8.64,98.59,Bangalore,Female,3,2024-07-21
439,Kiran,FASHION,4,BBA,93.11,8.35,71.56,Coimbatore,Female,1,2025-08-22
440,Arjun,MECH,1,BBA,87.94,7.56,95.98,Hyderabad,Female,7,2023-04-11
441,Kiran,IT,4,MS,63.75,6.86,81.27,Bangalore,Female,1,2024-10-03
442,Arjun,BIOTECH,2,MCom,55.41,9.04,94.87,Hyderabad,Male,1,2022-09-07
443,Dishal,EEE,3,BCom,78.22,8.17,86.89,Coimbatore,Female,4,2022-09-14
444,Sneha,MECH,1,BSW,78.58,6.23,87.32,Munaar,Female,2,2023-02-18
445,Priya,CIVIL,3,MSW,85.24,9.46,75.14,Hyderabad,Female,4,2022-02-16
446,Arjun,IT,1,BTech,71.47,8.19,95.53,Coimbatore,Male,7,2024-10-05
447,Arjun,MECH,4,BS,92.87,9.62,89.66,Delhi,Male,4,2023-01-15
448,Sneha,EEE,4,MCA,70.39,6.71,69.93,Mumbai,Female,8,2022-08-26
449,Dishal,BIOTECH,2,MSW,83.46,9.49,86.48,Mumbai,Female,6,2025-05-07
450,Arjun,BIOTECH,1,MSW,88.39,7.59,75.96,Delhi,Female,2,2025-01-24
451,Rahul,FASHION,3,BBA,91.56,9.81,80.71,Coimbatore,Male,7,2025-07-14
452,Ananya,EEE,1,BCA,75.34,9.2,92.19,Coimbatore,Female,8,2022-03-02
453,Priya,MECH,3,MCA,78.12,6.87,60.64,Chennai,Female,4,2022-03-30
454,Kiran,ECE,2,BS,60.74,9.22,95.01,Chennai,Female,7,2022-12-29
455,Ananya,FASHION,1,BCom,81.61,9.81,70.42,Munaar,Male,7,2022-05-03
456,Sneha,CIVIL,2,MCom,51.72,7.74,68.1,Coimbatore,Female,3,2025-01-22
457,Dishal,BIOTECH,1,BS,79.0,8.93,64.77,Munaar,Male,1,2025-05-25
458,Priya,FASHION,2,BSW,95.26,8.95,61.7,Pune,Female,2,2022-12-31
459,Sneha,EEE,3,BCA,72.81,6.25,63.09,Bangalore,Female,6,2025-11-30
460,Rahul,CIVIL,4,BS,54.0,6.23,66.24,Munaar,Male,7,2022-08-24
461,Kiran,CSE,3,MSW,78.91,6.95,63.13,Bangalore,Female,8,2023-01-23
462,Ananya,CIVIL,1,MBA,77.88,8.17,94.88,Delhi,Male,6,2024-10-06
463,Kiran,FASHION,2,BS,91.66,8.63,95.19,Munaar,Female,8,2023-06-23
464,Arjun,EEE,1,BTech,95.85,8.57,63.23,Bangalore,Male,7,2023-06-24
465,Priya,CIVIL,3,BCA,59.11,8.4,67.56,Pune,Female,7,2023-12-21
466,Kiran,CHEMICAL,1,MSW,70.21,7.66,92.21,Chennai,Female,4,2024-10-20
467,Kiran,CIVIL,2,MBA,72.46,6.67,64.26,Delhi,Female,7,2022-07-09
468,Dishal,BIOTECH,2,MBA,74.41,8.36,99.3,Mumbai,Female,2,2024-11-06
469,Kiran,IT,4,MTech,87.91,7.94,63.78,Delhi,Female,4,2022-03-18
470,Kiran,BIOTECH,1,BSW,68.32,9.61,68.92,Delhi,Female,1,2025-03-30
471,Dishal,IT,4,BBA,60.19,8.35,96.19,Munaar,Female,2,2025-10-09
472,Kiran,BIOTECH,2,MCom,81.76,9.14,64.7,Pune,Female,6,2022-07-28
473,Priya,ECE,2,BCA,67.8,7.99,76.5,Mumbai,Female,5,2022-10-27
474,Kiran,EEE,1,MS,53.13,6.76,73.65,Munaar,Female,1,2024-02-25
475,Arjun,FASHION,3,BTech,98.92,8.95,82.97,Mumbai,Female,2,2023-07-03
476,Ananya,FASHION,2,BBA,87.44,8.35,79.38,Mumbai,Male,3,2025-09-09
477,Sneha,IT,3,BTech,52.96,9.28,73.14,Chennai,Female,8,2024-06-05
478,Arjun,CSE,4,BBA,52.77,6.37,80.18,Chennai,Male,3,2023-10-06
479,Rahul,FASHION,4,BSW,86.21,8.31,61.45,Coimbatore,Female,1,2024-10-25
480,Arjun,CSE,3,MS,63.03,9.9,86.68,Pune,Female,7,2024-04-14
481,Kiran,MECH,4,BTech,67.94,8.19,75.88,Pune,Male,4,2024-07-29
482,Rahul,IT,3,MCA,83.73,8.68,68.67,Hyderabad,Female,1,2022-10-28
483,Dishal,ECE,3,MTech,97.7,6.38,95.63,Hyderabad,Female,7,2025-08-12
484,Ananya,CSE,3,BS,86.88,7.5,63.48,Munaar,Female,6,2023-12-26
485,Arjun,CSE,1,MCA,59.26,8.39,95.78,Bangalore,Male,1,2025-08-24
486,Sneha,CHEMICAL,1,MCA,87.65,6.66,68.54,Coimbatore,Male,1,2025-05-10
487,Kiran,CIVIL,4,MCA,76.82,8.32,70.96,Chennai,Female,2,2025-06-21
488,Dishal,IT,4,MSW,63.91,7.31,74.76,Bangalore,Male,2,2022-03-16
489,Ananya,CIVIL,3,MCA,54.95,6.87,80.55,Munaar,Male,2,2024-10-13
490,Rahul,BIOTECH,4,BSW,86.4,8.88,77.6,Coimbatore,Female,2,2024-10-01
491,Sneha,FASHION,4,MCom,92.67,8.14,68.51,Mumbai,Female,1,2022-07-20
492,Priya,BIOTECH,1,MBA,71.65,6.6,69.61,Bangalore,Female,7,2024-09-04
493,Kiran,BIOTECH,4,BTech,92.42,6.43,98.73,Pune,Male,2,2024-09-16
494,Sneha,CIVIL,2,MS,87.85,9.07,98.18,Pune,Female,3,2023-03-03
495,Kiran,IT,4,BTech,94.35,6.04,80.39,Pune,Male,6,2023-06-24
496,Arjun,IT,2,MCom,99.96,9.94,69.13,Mumbai,Female,4,2023-11-22
497,Arjun,IT,4,BS,52.64,7.84,68.49,Delhi,Female,6,2022-06-06
498,Arjun,EEE,3,BBA,89.56,7.63,80.88,Mumbai,Female,1,2022-11-26
499,Kiran,ECE,4,BSW,82.46,8.82,74.71,Mumbai,Male,2,2022-12-03
500,Rahul,IT,4,MCA,87.55,7.59,72.95,Munaar,Female,4,2024-12-15
501,Ananya,EEE,2,MCA,58.3,7.41,78.03,Hyderabad,Male,3,2022-06-07
502,Sneha,IT,3,BCA,96.81,7.12,60.13,Mumbai,Male,8,2022-01-02
503,Priya,BIOTECH,4,MSW,78.2,9.79,99.28,Delhi,Male,2,2024-08-04
504,Arjun,MECH,2,BS,73.91,8.39,92.01,Pune,Male,5,2023-03-20
505,Rahul,ECE,1,BS,55.91,7.98,97.36,Hyderabad,Female,5,2024-08-25
506,Rahul,FASHION,4,BCom,95.82,7.9,83.22,Delhi,Male,7,2022-10-06
507,Ananya,CSE,1,BSW,97.01,7.42,67.76,Coimbatore,Male,8,2024-01-04
508,Rahul,MECH,1,BBA,80.49,9.11,79.18,Mumbai,Female,5,2024-01-24
509,Ananya,ECE,4,MBA,55.35,8.33,87.57,Bangalore,Female,7,2025-05-25
510,Arjun,MECH,4,MCA,51.3,9.83,75.6,Munaar,Female,7,2022-09-20
511,Dishal,ECE,3,BBA,78.12,9.97,60.39,Mumbai,Male,8,2023-11-26
512,Rahul,EEE,3,BCA,59.77,8.74,97.58,Mumbai,Female,6,2025-01-03
513,Rahul,EEE,4,MTech,97.45,7.05,94.13,Hyderabad,Male,2,2022-01-01
514,Dishal,EEE,1,BBA,81.44,8.65,69.94,Chennai,Male,5,2022-06-28
515,Sneha,ECE,1,MBA,82.21,8.93,73.38,Bangalore,Female,6,2024-11-06
516,Priya,BIOTECH,2,MCom,55.39,8.61,77.94,Delhi,Male,2,2025-07-18
517,Rahul,CSE,2,BS,58.04,6.9,64.35,Bangalore,Male,7,2024-07-30
518,Ananya,CIVIL,4,MCom,51.0,6.27,95.44,Coimbatore,Male,5,2025-09-27
519,Rahul,EEE,3,BSW,97.81,8.47,86.9,Hyderabad,Male,1,2025-02-09
520,Ananya,CIVIL,3,MCA,50.8,8.56,92.18,Bangalore,Female,2,2024-06-17
521,Arjun,FASHION,1,BBA,78.06,9.14,97.13,Coimbatore,Female,2,2024-10-24
522,Kiran,CSE,2,MBA,66.59,7.7,75.9,Mumbai,Male,8,2023-01-25
523,Priya,EEE,4,MSW,92.89,6.96,91.28,Chennai,Male,4,2022-01-20
524,Kiran,CSE,1,BBA,97.72,8.28,89.29,Pune,Male,1,2022-05-07
525,Sneha,CSE,1,BTech,82.13,6.28,94.51,Pune,Female,6,2023-09-13
526,Arjun,MECH,1,MCom,55.24,6.52,81.28,Coimbatore,Female,7,2025-08-29
527,Ananya,CHEMICAL,4,MTech,60.41,7.29,74.18,Chennai,Female,4,2022-02-22
528,Rahul,FASHION,3,MTech,59.42,7.39,62.87,Chennai,Female,5,2025-02-17
529,Ananya,CIVIL,3,MCA,62.76,9.87,99.56,Delhi,Male,7,2025-01-24
530,Sneha,FASHION,1,BS,59.84,9.26,97.68,Munaar,Female,7,2022-01-24
531,Rahul,IT,3,BTech,86.87,6.65,88.63,Munaar,Female,3,2025-08-24
532,Ananya,CHEMICAL,4,BSW,76.96,7.24,86.32,Bangalore,Male,6,2024-03-24
533,Arjun,BIOTECH,3,MCom,65.28,9.49,94.31,Coimbatore,Female,4,2025-01-29
534,Rahul,EEE,1,MSW,91.86,8.83,83.69,Chennai,Male,1,2023-10-15
535,Priya,CSE,3,MCom,69.93,9.78,72.86,Munaar,Female,5,2022-02-20
536,Ananya,EEE,1,MCom,69.69,8.56,82.23,Chennai,Male,5,2024-08-23
537,Dishal,MECH,4,MTech,57.32,8.38,93.97,Munaar,Male,4,2022-04-12
538,Kiran,CHEMICAL,1,BBA,93.26,8.4,69.18,Munaar,Male,3,2025-01-28
539,Rahul,MECH,2,BCA,75.32,8.09,76.91,Coimbatore,Female,6,2025-11-03
540,Rahul,CSE,1,BCA,63.81,7.52,66.71,Coimbatore,Male,3,2023-05-02
541,Ananya,CHEMICAL,1,BSW,58.85,8.98,90.24,Delhi,Male,1,2022-11-29
542,Ananya,MECH,1,MCom,75.77,7.67,62.98,Mumbai,Female,6,2023-09-20
543,Arjun,MECH,1,MS,55.07,9.62,89.97,Pune,Female,7,2025-09-05
544,Sneha,CHEMICAL,2,MCom,55.33,6.34,87.47,Hyderabad,Male,2,2025-09-12
545,Sneha,ECE,1,MS,92.42,8.14,86.58,Coimbatore,Male,4,2022-07-10
546,Ananya,EEE,3,MS,76.85,9.53,91.43,Bangalore,Female,2,2023-10-08
547,Dishal,CIVIL,1,MCA,97.36,7.66,73.94,Coimbatore,Male,5,2025-05-18
548,Kiran,EEE,4,BS,55.5,6.09,76.26,Bangalore,Male,1,2022-05-09
549,Kiran,ECE,2,BTech,89.25,9.96,92.44,Munaar,Female,3,2025-09-07
550,Arjun,FASHION,4,BBA,96.96,6.23,68.01,Delhi,Male,6,2025-05-15
551,Sneha,IT,3,MSW,94.59,7.13,94.77,Coimbatore,Female,3,2023-12-17
552,Kiran,BIOTECH,3,MS,89.01,9.3,81.65,Delhi,Female,3,2023-07-09
553,Ananya,MECH,1,BSW,55.02,7.66,60.91,Coimbatore,Female,1,2022-11-29
554,Ananya,BIOTECH,3,MCom,63.36,9.15,76.79,Delhi,Female,7,2022-08-21
555,Arjun,BIOTECH,3,BCom,98.98,7.57,82.74,Delhi,Male,5,2023-10-21
556,Arjun,BIOTECH,3,BTech,66.04,6.54,77.46,Coimbatore,Male,6,2023-04-13
557,Arjun,CSE,2,BBA,59.84,6.93,85.86,Delhi,Female,8,2024-05-11
558,Rahul,FASHION,4,BTech,50.61,6.16,78.54,Mumbai,Female,6,2024-01-26
559,Arjun,CSE,2,BS,85.52,9.72,66.01,Bangalore,Male,3,2025-10-30
560,Kiran,FASHION,1,MSW,80.92,7.79,75.24,Mumbai,Male,4,2023-11-08
561,Arjun,CSE,4,MCA,69.05,7.03,79.88,Hyderabad,Male,2,2024-10-18
562,Rahul,BIOTECH,4,MS,77.41,10.0,98.26,Mumbai,Male,8,2023-05-03
563,Arjun,IT,4,MS,59.21,8.74,68.92,Coimbatore,Female,5,2024-06-25
564,Rahul,CIVIL,2,BBA,50.69,8.6,85.86,Munaar,Female,3,2025-04-29
565,Sneha,EEE,3,MCA,76.71,6.12,73.07,Munaar,Female,6,2024-07-13
566,Priya,MECH,4,MSW,94.24,8.17,66.5,Bangalore,Female,5,2023-12-21
567,Rahul,BIOTECH,4,BCA,78.56,6.44,87.45,Mumbai,Male,3,2024-03-09
568,Kiran,IT,3,BCom,97.15,6.52,95.71,Chennai,Male,5,2022-12-16
569,Sneha,CSE,2,BBA,90.25,9.58,85.55,Pune,Female,8,2022-12-03
570,Sneha,EEE,3,BCom,74.91,6.74,64.16,Hyderabad,Male,6,2022-01-27
571,Kiran,FASHION,2,MCom,68.7,7.6,88.45,Bangalore,Male,2,2025-06-26
572,Priya,FASHION,1,MSW,96.64,7.23,87.47,Coimbatore,Female,8,2022-09-24
573,Ananya,FASHION,2,BBA,94.22,7.24,73.18,Delhi,Male,1,2023-09-20
574,Arjun,CSE,3,BS,79.17,6.17,81.76,Hyderabad,Female,8,2024-04-17
575,Dishal,IT,3,MS,66.82,7.26,68.22,Bangalore,Male,8,2023-07-03
576,Priya,EEE,4,MCom,71.12,8.11,83.28,Delhi,Male,8,2023-10-27
577,Priya,BIOTECH,2,MTech,92.08,6.39,85.71,Coimbatore,Male,1,2025-06-21
578,Ananya,CHEMICAL,4,BSW,61.75,8.44,68.79,Chennai,Male,3,2022-11-10
579,Rahul,MECH,2,MTech,78.53,9.82,87.29,Hyderabad,Male,8,2024-04-02
580,Sneha,CSE,1,BCom,74.03,9.4,99.88,Munaar,Male,6,2024-10-21
581,Ananya,MECH,4,MS,88.78,7.17,71.04,Pune,Male,8,2025-10-11
582,Arjun,IT,4,BSW,66.58,6.58,97.76,Hyderabad,Female,8,2024-07-21
583,Ananya,CIVIL,2,BCom,77.28,6.85,74.79,Coimbatore,Female,4,2025-09-14
584,Arjun,FASHION,1,BCA,83.49,6.54,60.83,Munaar,Female,3,2024-05-06
585,Rahul,BIOTECH,4,MBA,82.5,9.02,66.66,Munaar,Male,1,2023-08-31
586,Arjun,IT,4,MBA,62.64,7.98,99.47,Pune,Female,7,2025-06-09
587,Kiran,IT,4,BS,99.57,7.47,64.89,Hyderabad,Female,4,2022-02-12
588,Rahul,BIOTECH,2,MBA,54.26,6.16,70.32,Pune,Female,2,2023-06-11
589,Arjun,CIVIL,1,BTech,81.66,9.06,80.8,Pune,Female,8,2022-10-12
590,Rahul,CHEMICAL,3,MTech,50.25,9.57,82.62,Delhi,Male,2,2025-12-19
591,Kiran,ECE,2,MSW,76.21,9.92,71.31,Mumbai,Female,1,2025-11-12
592,Ananya,CIVIL,1,MBA,98.71,6.44,95.76,Pune,Female,2,2024-04-21
593,Rahul,CSE,3,MCom,53.73,8.18,61.23,Pune,Female,2,2022-08-21
594,Arjun,CSE,1,BSW,94.17,9.49,70.47,Chennai,Male,3,2023-08-16
595,Ananya,ECE,3,MSW,95.08,6.79,63.04,Delhi,Female,5,2023-04-07
596,Kiran,ECE,1,BBA,64.97,6.36,73.46,Coimbatore,Male,8,2024-12-06
597,Rahul,CIVIL,3,MCA,94.31,9.51,98.24,Delhi,Male,3,2024-11-05
598,Kiran,CHEMICAL,2,BS,71.33,9.82,90.98,Chennai,Female,1,2022-06-06
599,Kiran,BIOTECH,4,BCA,62.76,7.57,74.96,Munaar,Male,7,2023-06-24
600,Kiran,CIVIL,4,BCA,58.85,9.11,61.97,Bangalore,Male,6,2023-06-22
601,Arjun,CIVIL,2,MCom,79.62,9.73,91.42,Coimbatore,Male,5,2022-06-12
602,Kiran,EEE,4,BCom,58.02,6.07,84.25,Pune,Male,1,2025-05-03
603,Dishal,IT,3,BSW,71.84,6.96,91.93,Hyderabad,Male,5,2022-11-10
604,Arjun,BIOTECH,4,MBA,63.41,7.53,81.99,Pune,Male,1,2023-12-07
605,Kiran,CIVIL,4,MTech,82.11,9.25,85.97,Hyderabad,Male,7,2023-04-29
606,Sneha,CSE,2,MTech,72.23,7.53,62.23,Coimbatore,Female,3,2025-09-18
607,Ananya,CHEMICAL,1,BCom,87.14,7.66,63.08,Mumbai,Female,7,2025-10-18
608,Kiran,IT,2,BCom,97.63,7.26,99.81,Coimbatore,Female,8,2025-11-27
609,Rahul,EEE,2,MTech,87.79,7.74,74.73,Bangalore,Male,3,2025-06-15
610,Rahul,EEE,1,MTech,83.13,9.02,70.49,Delhi,Male,3,2022-04-09
611,Priya,IT,4,MCA,87.69,7.03,75.03,Munaar,Male,4,2022-11-21
612,Arjun,BIOTECH,3,MSW,72.61,8.14,72.91,Munaar,Female,3,2025-05-21
613,Ananya,ECE,3,MCom,54.81,9.95,65.78,Coimbatore,Male,4,2022-09-01
614,Kiran,FASHION,1,MS,99.92,9.28,60.54,Hyderabad,Male,5,2024-10-12
615,Arjun,CHEMICAL,1,BCom,92.47,7.01,98.82,Bangalore,Female,6,2024-01-07
616,Ananya,MECH,4,BCom,50.42,7.29,81.97,Bangalore,Female,3,2023-09-10
617,Dishal,CHEMICAL,1,MBA,96.19,7.89,73.53,Bangalore,Male,8,2023-04-06
618,Ananya,CIVIL,3,MBA,58.12,6.57,83.48,Munaar,Female,7,2023-03-29
619,Dishal,EEE,1,MSW,55.53,7.47,64.64,Chennai,Female,8,2023-11-21
620,Ananya,ECE,3,MCA,87.2,6.89,82.61,Delhi,Female,4,2023-11-21
621,Sneha,EEE,3,BTech,54.76,8.66,82.27,Munaar,Female,5,2023-02-19
622,Dishal,FASHION,4,MSW,80.82,7.53,62.11,Munaar,Female,1,2024-06-20
623,Ananya,EEE,2,BTech,91.77,6.09,71.96,Bangalore,Female,1,2022-07-29
624,Priya,MECH,4,MCom,98.19,7.13,83.41,Hyderabad,Male,4,2023-11-20
625,Priya,CHEMICAL,1,MCA,66.26,7.11,76.6,Chennai,Female,2,2025-08-19
626,Arjun,IT,2,MCA,57.54,7.45,68.14,Chennai,Male,3,2023-04-04
627,Rahul,MECH,1,BBA,86.83,9.53,69.69,Coimbatore,Female,6,2025-12-28
628,Ananya,FASHION,4,BTech,68.13,7.34,73.48,Mumbai,Male,7,2022-10-22
629,Rahul,IT,4,BBA,76.09,6.45,92.1,Hyderabad,Male,3,2022-06-03
630,Rahul,CSE,4,MBA,52.48,8.27,85.17,Mumbai,Male,4,2024-01-25
631,Kiran,CIVIL,2,MS,54.21,8.1,61.67,Munaar,Male,4,2023-06-25
632,Rahul,FASHION,1,MBA,96.01,6.48,63.04,Bangalore,Male,2,2024-01-19
633,Rahul,FASHION,3,BS,87.23,8.61,72.09,Delhi,Female,7,2023-11-27
634,Rahul,MECH,2,BBA,78.21,9.41,75.3,Chennai,Male,8,2023-05-27
635,Ananya,CSE,4,MCA,79.71,8.75,87.65,Coimbatore,Female,7,2025-05-03
636,Priya,FASHION,2,BTech,58.22,7.27,85.3,Coimbatore,Male,8,2025-09-21
637,Ananya,BIOTECH,1,MSW,71.02,8.8,83.01,Mumbai,Male,6,2025-12-05
638,Sneha,EEE,2,MCom,99.34,9.67,68.18,Coimbatore,Female,6,2023-06-17
639,Arjun,IT,3,BTech,86.98,9.22,97.92,Mumbai,Male,3,2022-05-29
640,Kiran,BIOTECH,3,MBA,99.2,7.44,95.4,Coimbatore,Female,7,2024-01-18
641,Priya,FASHION,2,BBA,68.88,8.24,61.09,Bangalore,Female,7,2023-12-24
642,Sneha,CSE,2,BCom,64.44,9.81,76.71,Hyderabad,Male,2,2025-05-10
643,Dishal,EEE,4,BSW,69.43,7.85,62.12,Hyderabad,Female,3,2022-11-14
644,Arjun,CIVIL,3,BBA,62.85,9.27,74.18,Hyderabad,Female,8,2025-06-01
645,Dishal,FASHION,1,MTech,51.41,8.27,96.76,Coimbatore,Male,6,2024-07-30
646,Priya,MECH,2,BS,52.56,7.25,71.64,Bangalore,Female,1,2025-10-27
647,Rahul,CIVIL,1,MSW,61.97,7.8,68.26,Chennai,Female,5,2023-03-30
648,Arjun,MECH,4,MS,62.74,8.44,60.15,Delhi,Female,3,2022-12-01
649,Sneha,EEE,4,BCA,82.23,9.38,71.16,Hyderabad,Male,1,2024-04-11
650,Sneha,BIOTECH,2,MCom,63.17,8.59,60.11,Mumbai,Female,1,2024-03-12
651,Rahul,BIOTECH,1,BSW,71.61,7.44,97.94,Mumbai,Male,5,2025-04-20
652,Arjun,CHEMICAL,2,BCA,52.54,9.96,92.03,Munaar,Female,7,2025-11-12
653,Sneha,ECE,4,BSW,56.65,8.98,80.45,Mumbai,Female,7,2023-07-17
654,Priya,FASHION,1,BBA,76.53,6.32,69.13,Hyderabad,Female,7,2024-09-19
655,Ananya,CSE,1,MSW,98.75,9.29,86.64,Mumbai,Female,4,2024-03-22
656,Rahul,CIVIL,2,MCA,51.98,7.29,67.37,Bangalore,Male,6,2024-08-16
657,Sneha,MECH,4,MCA,50.45,8.19,78.81,Mumbai,Female,1,2022-04-20
658,Arjun,IT,1,BS,62.93,6.64,94.98,Mumbai,Female,4,2024-12-05
659,Dishal,EEE,1,BS,60.91,9.67,75.46,Chennai,Female,3,2023-10-23
660,Sneha,CSE,2,BSW,56.96,6.22,69.68,Delhi,Male,4,2022-04-11
661,Arjun,ECE,4,BTech,71.25,9.55,60.05,Bangalore,Female,2,2025-02-06
662,Sneha,BIOTECH,1,BTech,76.78,7.37,82.9,Hyderabad,Male,2,2022-01-25
663,Dishal,FASHION,4,BS,77.72,8.78,91.1,Pune,Male,7,2025-11-01
664,Priya,IT,4,MTech,65.23,6.47,66.62,Pune,Male,8,2022-09-17
665,Kiran,FASHION,4,BBA,54.55,8.51,80.3,Pune,Male,5,2025-06-03
666,Priya,ECE,2,BCom,82.68,7.79,69.35,Chennai,Male,4,2025-06-04
667,Kiran,ECE,1,MSW,90.39,7.27,95.78,Chennai,Male,1,2022-02-18
668,Arjun,CSE,4,BBA,81.92,9.89,76.45,Coimbatore,Female,5,2024-05-26
669,Dishal,CIVIL,2,BBA,87.93,9.87,60.81,Pune,Male,6,2022-12-09
670,Kiran,CSE,4,BCom,76.95,7.05,69.48,Delhi,Female,6,2025-04-12
671,Ananya,BIOTECH,2,MTech,70.19,9.81,86.91,Mumbai,Female,6,2022-10-02
672,Ananya,CSE,1,MS,81.38,6.38,97.75,Mumbai,Female,1,2023-08-15
673,Rahul,EEE,2,BTech,81.04,6.24,80.06,Hyderabad,Female,2,2022-05-22
674,Rahul,ECE,2,MCom,89.34,9.73,88.17,Chennai,Female,3,2022-11-14
675,Rahul,CIVIL,1,MTech,69.46,7.14,78.5,Delhi,Female,2,2023-04-21
676,Dishal,IT,1,BCom,93.95,7.38,99.18,Bangalore,Female,7,2025-04-08
677,Priya,EEE,2,MS,74.74,8.42,88.37,Munaar,Male,3,2025-02-11
678,Kiran,FASHION,2,MCA,74.66,6.39,90.91,Coimbatore,Male,7,2022-04-04
679,Sneha,IT,4,MCom,84.21,7.37,62.01,Mumbai,Female,2,2025-03-12
680,Priya,CIVIL,4,MSW,58.06,9.61,91.53,Munaar,Female,6,2023-08-10
681,Priya,CSE,4,MBA,51.19,8.44,95.68,Pune,Female,2,2022-09-30
682,Kiran,FASHION,3,BTech,85.18,9.74,93.71,Pune,Female,8,2024-05-30
683,Priya,EEE,1,BBA,80.59,6.95,84.0,Hyderabad,Female,4,2024-12-08
684,Priya,MECH,4,BBA,79.15,9.53,73.81,Coimbatore,Female,7,2025-10-07
685,Priya,BIOTECH,3,BS,67.0,9.57,95.04,Chennai,Female,1,2023-08-24
686,Kiran,MECH,2,MS,98.84,7.0,76.98,Bangalore,Female,6,2025-10-11
687,Sneha,CSE,4,BCom,87.85,7.85,91.35,Mumbai,Female,7,2024-08-19
688,Sneha,BIOTECH,4,MSW,68.54,8.07,97.79,Coimbatore,Male,6,2025-02-22
689,Sneha,ECE,1,MCA,84.06,9.01,88.97,Bangalore,Female,7,2022-09-29
690,Rahul,MECH,2,BCA,68.77,8.72,78.46,Bangalore,Female,3,2022-03-19
691,Ananya,BIOTECH,1,BCom,77.55,7.86,61.59,Chennai,Male,7,2025-11-09
692,Rahul,ECE,4,MBA,95.64,6.28,72.3,Mumbai,Male,6,2025-02-08
693,Sneha,MECH,2,MBA,67.59,9.48,65.39,Mumbai,Male,1,2022-10-09
694,Dishal,IT,3,MCA,53.36,8.86,93.84,Hyderabad,Male,6,2025-10-20
695,Sneha,CIVIL,3,MBA,83.75,7.68,76.98,Delhi,Female,3,2023-04-27
696,Priya,EEE,3,MTech,77.75,9.96,69.37,Munaar,Female,6,2024-06-07
697,Ananya,IT,4,MS,57.89,8.12,62.11,Bangalore,Female,6,2025-03-07
698,Kiran,ECE,4,MS,85.7,9.46,70.95,Pune,Female,5,2023-06-30
699,Rahul,CIVIL,4,MSW,70.47,7.8,95.58,Chennai,Female,5,2022-09-16
700,Dishal,CIVIL,2,MBA,51.58,9.4,77.95,Hyderabad,Female,3,2022-06-03
701,Ananya,FASHION,1,BCA,51.27,6.09,85.35,Mumbai,Male,3,2024-07-30
702,Sneha,ECE,2,BBA,94.56,8.44,84.72,Bangalore,Female,8,2022-03-17
703,Arjun,CSE,3,MCA,71.69,9.53,60.45,Mumbai,Female,5,2025-06-10
704,Rahul,CHEMICAL,3,BCA,70.77,8.44,99.64,Chennai,Male,2,2025-08-03
705,Ananya,IT,1,BSW,97.13,7.47,88.28,Chennai,Female,8,2023-09-10
706,Rahul,EEE,1,BSW,97.87,6.45,85.04,Hyderabad,Male,2,2024-11-03
707,Dishal,CIVIL,2,BCom,65.61,8.58,70.82,Pune,Male,2,2023-01-12
708,Priya,MECH,2,MS,52.91,7.86,72.1,Bangalore,Female,6,2025-02-21
709,Rahul,CSE,4,MCom,81.71,7.79,69.04,Delhi,Male,8,2025-03-10
710,Sneha,BIOTECH,3,BTech,52.53,8.68,97.91,Delhi,Male,2,2025-04-14
711,Rahul,IT,3,BCA,97.97,7.88,94.36,Mumbai,Male,4,2024-11-21
712,Arjun,FASHION,1,BS,59.13,7.02,61.57,Chennai,Male,4,2025-08-06
713,Sneha,ECE,3,BCom,74.57,6.24,95.8,Munaar,Female,8,2022-08-17
714,Rahul,CSE,4,BCA,62.39,9.34,73.14,Bangalore,Male,3,2023-07-03
715,Dishal,FASHION,2,BCom,89.87,7.03,89.44,Chennai,Female,2,2023-12-06
716,Priya,MECH,3,BS,77.82,9.16,85.17,Hyderabad,Male,8,2023-10-30
717,Kiran,MECH,3,MCA,61.9,8.3,67.6,Hyderabad,Female,7,2022-08-05
718,Kiran,IT,2,MCA,68.61,9.74,67.69,Pune,Female,2,2024-01-31
719,Sneha,BIOTECH,2,BBA,53.38,8.64,69.78,Pune,Male,2,2023-09-20
720,Arjun,EEE,4,MCom,53.19,9.46,86.48,Coimbatore,Male,3,2025-12-03
721,Ananya,FASHION,3,MBA,80.88,7.99,75.11,Munaar,Female,4,2022-03-17
722,Sneha,CHEMICAL,2,MCA,73.95,7.22,93.68,Chennai,Female,4,2025-10-02
723,Sneha,EEE,3,BSW,93.04,9.63,60.54,Delhi,Male,6,2022-08-01
724,Ananya,BIOTECH,1,MCom,97.12,9.1,74.98,Munaar,Female,6,2024-09-22
725,Arjun,FASHION,2,MBA,51.41,8.28,94.18,Munaar,Male,2,2025-04-20
726,Arjun,CHEMICAL,4,BBA,84.19,9.94,63.68,Bangalore,Male,5,2024-03-05
727,Arjun,FASHION,2,BSW,93.52,8.78,66.18,Munaar,Female,8,2022-12-01
728,Dishal,FASHION,2,MBA,51.09,7.21,90.15,Pune,Male,8,2025-07-08
729,Kiran,ECE,3,MSW,76.15,9.45,67.9,Bangalore,Female,2,2025-05-25
730,Ananya,BIOTECH,3,MBA,86.85,10.0,73.56,Delhi,Male,5,2025-07-02
731,Ananya,ECE,3,MBA,82.96,6.77,94.58,Bangalore,Female,8,2025-08-04
732,Rahul,BIOTECH,3,BS,72.55,9.31,65.32,Mumbai,Male,6,2025-12-19
733,Rahul,MECH,4,BSW,96.46,9.31,89.35,Pune,Female,7,2025-09-04
734,Kiran,IT,2,MSW,78.1,7.7,93.84,Hyderabad,Female,3,2025-04-02
735,Dishal,IT,1,MTech,68.18,6.59,80.62,Delhi,Female,5,2025-03-04
736,Priya,CHEMICAL,1,MBA,57.35,6.25,84.62,Mumbai,Female,6,2022-02-18
737,Kiran,BIOTECH,3,BSW,50.53,7.23,67.32,Mumbai,Female,5,2023-12-14
738,Sneha,EEE,2,BS,95.29,7.83,75.8,Mumbai,Male,4,2025-10-19
739,Rahul,CHEMICAL,3,MCom,61.34,8.04,64.08,Chennai,Female,1,2025-11-19
740,Rahul,ECE,4,BS,77.12,7.18,67.78,Coimbatore,Female,7,2024-08-21
741,Dishal,FASHION,1,MCom,81.14,6.63,61.13,Pune,Male,4,2023-06-13
742,Rahul,CHEMICAL,4,MCom,62.65,8.16,76.96,Bangalore,Male,6,2022-07-23
743,Priya,FASHION,3,BSW,58.77,6.54,82.96,Bangalore,Female,6,2023-10-11
744,Dishal,CSE,3,MSW,56.8,8.33,63.33,Pune,Female,2,2023-04-29
745,Sneha,CSE,2,MS,83.72,7.56,88.84,Mumbai,Female,4,2022-02-15
746,Arjun,BIOTECH,3,MSW,63.3,7.03,73.04,Chennai,Male,4,2023-10-20
747,Priya,MECH,2,BBA,90.62,8.79,62.48,Bangalore,Male,7,2024-04-04
748,Priya,MECH,2,BCA,94.56,7.35,79.79,Pune,Female,8,2024-11-09
749,Priya,MECH,4,MCA,70.64,8.35,83.83,Mumbai,Male,1,2025-08-31
750,Ananya,IT,2,BBA,60.81,7.08,89.73,Hyderabad,Female,8,2024-09-05
751,Ananya,IT,2,MTech,85.22,7.41,73.75,Coimbatore,Female,8,2025-10-21
752,Kiran,ECE,3,BCA,81.77,6.38,97.7,Mumbai,Male,3,2024-04-28
753,Priya,CIVIL,4,BS,55.37,9.06,80.73,Delhi,Female,4,2023-08-13
754,Rahul,FASHION,3,MBA,57.86,9.44,77.19,Mumbai,Female,5,2023-06-21
755,Arjun,MECH,3,BCom,84.52,7.34,62.78,Bangalore,Female,1,2025-02-02
756,Arjun,CSE,1,BS,67.01,9.33,61.78,Delhi,Male,2,2025-03-09
757,Kiran,FASHION,1,BTech,79.95,9.58,89.99,Coimbatore,Male,8,2023-12-12
758,Ananya,MECH,1,BTech,99.41,9.77,84.18,Hyderabad,Male,1,2024-07-25
759,Arjun,CHEMICAL,2,BCA,56.53,7.57,71.6,Delhi,Male,3,2024-05-18
760,Rahul,ECE,2,MBA,73.3,7.23,93.23,Delhi,Male,4,2024-04-12
761,Ananya,IT,2,BSW,71.04,9.65,73.45,Delhi,Female,8,2023-07-03
762,Sneha,CIVIL,2,BTech,51.52,7.52,85.89,Mumbai,Male,1,2025-12-10
763,Ananya,CSE,4,MSW,77.62,8.94,87.75,Munaar,Female,8,2022-03-07
764,Arjun,EEE,3,MCom,72.93,6.69,86.56,Delhi,Male,4,2024-01-18
765,Sneha,FASHION,1,MSW,64.01,7.06,79.57,Bangalore,Male,4,2023-11-29
766,Dishal,MECH,2,BSW,65.84,7.61,80.71,Chennai,Male,3,2025-02-17
767,Arjun,BIOTECH,3,MBA,51.33,6.11,86.61,Mumbai,Male,3,2023-04-14
768,Sneha,ECE,3,MCA,99.33,7.31,62.84,Mumbai,Male,6,2023-08-29
769,Dishal,BIOTECH,1,MSW,81.03,9.47,97.19,Hyderabad,Male,8,2024-09-21
770,Dishal,MECH,1,BSW,73.24,8.32,76.09,Pune,Female,7,2024-07-11
771,Sneha,ECE,4,BBA,91.74,6.1,93.34,Coimbatore,Female,6,2023-11-08
772,Sneha,MECH,3,BCA,79.51,6.12,63.76,Hyderabad,Male,6,2024-11-28
773,Rahul,FASHION,1,MSW,87.43,8.77,60.66,Coimbatore,Female,6,2025-04-10
774,Ananya,CHEMICAL,3,MCom,88.24,8.0,92.32,Coimbatore,Female,7,2022-05-21
775,Dishal,CSE,4,MCom,77.65,7.73,66.72,Delhi,Female,7,2022-03-07
776,Dishal,FASHION,4,BS,55.5,8.48,65.62,Chennai,Male,3,2022-01-13
777,Kiran,CHEMICAL,4,MCA,81.4,7.16,86.82,Coimbatore,Male,3,2024-04-17
778,Sneha,IT,3,MSW,98.53,8.45,85.29,Bangalore,Female,1,2023-02-13
779,Sneha,EEE,4,MCA,79.43,9.23,97.12,Mumbai,Female,8,2022-06-22
780,Dishal,CIVIL,4,BSW,76.37,7.96,92.33,Coimbatore,Female,6,2025-02-19
781,Dishal,EEE,4,BS,95.02,6.24,85.89,Coimbatore,Female,6,2024-09-01
782,Sneha,EEE,3,MBA,61.66,6.22,85.55,Chennai,Female,3,2022-06-23
783,Sneha,CSE,1,MCom,73.26,8.12,93.67,Coimbatore,Female,1,2023-09-04
784,Rahul,CSE,2,MS,86.66,9.81,88.9,Bangalore,Male,6,2024-08-01
785,Sneha,CSE,1,BBA,99.7,7.27,83.3,Hyderabad,Male,8,2025-11-10
786,Ananya,IT,2,BSW,82.85,7.35,70.93,Pune,Female,8,2025-08-09
787,Rahul,MECH,1,MS,87.18,7.15,93.38,Chennai,Female,4,2025-03-18
788,Dishal,CSE,4,BBA,60.0,6.42,64.16,Mumbai,Female,6,2024-08-08
789,Priya,FASHION,1,MCom,66.31,9.89,78.74,Bangalore,Male,1,2022-01-23
790,Dishal,BIOTECH,4,MCA,55.11,9.04,93.37,Munaar,Male,1,2025-12-26
791,Priya,CIVIL,4,MCom,70.69,9.6,75.16,Pune,Female,3,2025-12-12
792,Rahul,CSE,2,MSW,79.65,8.14,81.58,Bangalore,Male,1,2023-10-21
793,Priya,FASHION,3,MSW,79.82,9.95,91.01,Hyderabad,Male,7,2023-05-27
794,Priya,CSE,4,MTech,54.13,6.86,88.3,Munaar,Female,8,2024-08-08
795,Ananya,CHEMICAL,3,MTech,93.87,9.66,66.66,Hyderabad,Male,3,2023-04-21
796,Rahul,CHEMICAL,3,BBA,50.68,9.07,71.62,Mumbai,Male,6,2023-03-06
797,Priya,FASHION,4,BBA,99.97,9.09,74.12,Mumbai,Female,1,2022-12-14
798,Kiran,IT,1,BTech,96.87,8.64,85.76,Chennai,Female,6,2023-03-14
799,Rahul,CSE,4,MCA,63.46,9.97,70.14,Chennai,Male,4,2022-07-18
800,Priya,IT,1,MTech,90.42,9.57,76.72,Hyderabad,Male,5,2024-01-09
801,Arjun,EEE,1,BSW,93.12,6.98,79.99,Munaar,Male,7,2022-06-03
802,Arjun,ECE,4,MTech,93.51,6.4,97.57,Pune,Female,5,2025-05-15
803,Sneha,MECH,4,BTech,92.06,9.48,65.37,Mumbai,Female,2,2022-03-16
804,Ananya,CSE,1,BCA,86.23,7.95,62.19,Delhi,Female,4,2022-06-11
805,Dishal,CHEMICAL,3,BCA,86.68,7.45,67.14,Hyderabad,Female,8,2023-08-20
806,Kiran,CHEMICAL,2,BCom,98.32,6.56,93.29,Delhi,Female,1,2022-04-17
807,Sneha,CSE,2,BCom,72.5,8.07,73.78,Pune,Female,1,2023-10-25
808,Priya,EEE,1,BS,81.16,6.59,71.35,Mumbai,Male,5,2025-08-17
809,Priya,CHEMICAL,4,BCA,65.65,9.22,72.48,Hyderabad,Female,8,2024-01-30
810,Rahul,BIOTECH,2,BCom,95.17,7.89,80.31,Mumbai,Female,6,2022-09-01
811,Dishal,EEE,3,BTech,92.4,9.81,67.32,Hyderabad,Male,3,2023-01-16
812,Priya,ECE,3,BCom,99.49,7.71,72.93,Delhi,Male,4,2024-06-09
813,Sneha,IT,4,MCA,91.15,8.85,74.66,Mumbai,Female,5,2024-09-03
814,Priya,EEE,2,MTech,88.35,8.34,89.24,Delhi,Male,4,2024-07-15
815,Arjun,CSE,4,MSW,74.3,7.23,98.92,Pune,Female,4,2023-09-14
816,Priya,CHEMICAL,4,MS,55.42,8.84,61.43,Mumbai,Female,3,2024-02-09
817,Kiran,EEE,1,MS,73.43,7.43,62.87,Mumbai,Female,5,2025-08-13
818,Rahul,EEE,4,BBA,59.22,9.53,76.03,Pune,Female,6,2022-11-26
819,Kiran,CIVIL,1,MS,94.04,8.93,98.74,Coimbatore,Female,3,2024-01-07
820,Ananya,CSE,4,MCA,98.73,9.31,68.0,Pune,Female,3,2023-01-28
821,Priya,MECH,1,BS,76.79,6.84,63.51,Mumbai,Female,6,2024-10-21
822,Kiran,MECH,1,MCom,93.62,6.53,65.59,Chennai,Male,1,2025-12-07
823,Rahul,ECE,4,MSW,64.84,6.05,80.66,Chennai,Female,8,2023-08-22
824,Dishal,IT,1,MSW,91.86,8.5,80.07,Pune,Female,1,2025-12-07
825,Priya,CSE,2,BBA,70.48,9.53,90.34,Bangalore,Female,6,2025-11-29
826,Priya,CIVIL,4,MCA,83.67,8.68,79.12,Munaar,Female,3,2022-12-05
827,Rahul,FASHION,4,MCA,76.18,6.0,78.7,Pune,Female,4,2024-01-01
828,Dishal,CIVIL,2,BCA,83.03,8.49,91.93,Coimbatore,Male,4,2023-01-06
829,Rahul,CSE,3,MTech,69.04,6.9,89.77,Delhi,Male,1,2023-06-11
830,Ananya,FASHION,2,MBA,62.02,6.75,68.63,Munaar,Female,1,2025-10-12
831,Dishal,ECE,4,BCom,95.75,7.58,60.88,Munaar,Female,1,2023-12-03
832,Rahul,ECE,3,BCom,89.75,6.1,96.73,Hyderabad,Female,8,2022-03-07
833,Dishal,BIOTECH,4,BSW,76.9,6.5,73.36,Delhi,Male,5,2025-12-13
834,Arjun,CIVIL,2,MS,84.3,6.99,66.81,Delhi,Male,8,2025-12-02
835,Rahul,ECE,4,BBA,78.68,9.47,70.37,Bangalore,Male,1,2022-10-16
836,Ananya,CHEMICAL,4,BCom,86.78,9.71,61.89,Bangalore,Male,6,2024-05-09
837,Arjun,CHEMICAL,3,BTech,65.43,8.01,83.4,Pune,Female,5,2024-03-01
838,Priya,CHEMICAL,4,BCom,89.27,8.41,89.31,Pune,Male,7,2025-05-14
839,Dishal,MECH,4,BSW,81.88,6.46,79.39,Coimbatore,Female,4,2025-03-10
840,Dishal,EEE,1,MBA,51.7,7.78,85.67,Chennai,Female,6,2023-09-16
841,Kiran,ECE,2,BSW,66.37,7.66,65.35,Coimbatore,Female,8,2023-01-07
842,Ananya,CHEMICAL,3,MBA,83.65,7.97,78.46,Mumbai,Female,2,2023-07-02
843,Dishal,CHEMICAL,2,MTech,51.83,6.27,71.17,Munaar,Female,2,2025-01-09
844,Ananya,BIOTECH,4,MBA,60.19,8.68,91.68,Bangalore,Female,7,2025-08-24
845,Sneha,CIVIL,1,BCA,63.68,7.38,82.14,Mumbai,Female,4,2024-04-21
846,Rahul,IT,1,MS,71.16,8.87,74.11,Mumbai,Male,6,2023-06-08
847,Ananya,CSE,3,MTech,91.57,7.09,88.34,Bangalore,Female,6,2024-07-17
848,Kiran,CHEMICAL,2,BCom,91.8,9.87,61.3,Delhi,Female,5,2025-04-05
849,Sneha,CIVIL,2,BCom,55.52,7.72,80.59,Hyderabad,Female,5,2022-05-05
850,Rahul,CIVIL,1,BCA,72.74,6.08,76.71,Delhi,Male,3,2024-08-12
851,Dishal,CIVIL,3,BS,68.23,7.25,83.27,Munaar,Male,4,2023-07-19
852,Priya,MECH,3,BS,55.2,6.18,90.56,Chennai,Male,1,2023-09-10
853,Priya,FASHION,3,MBA,90.91,8.46,89.29,Chennai,Female,4,2024-01-27
854,Arjun,ECE,2,BCA,66.35,8.62,91.65,Pune,Male,2,2023-02-02
855,Rahul,EEE,3,BCom,93.83,6.33,96.79,Munaar,Female,1,2024-01-07
856,Rahul,ECE,3,MS,69.79,7.7,88.71,Coimbatore,Female,1,2023-08-09
857,Dishal,CSE,2,MCA,59.52,8.43,89.75,Delhi,Male,2,2025-08-08
858,Priya,CIVIL,4,BCom,61.84,7.69,91.07,Chennai,Female,4,2023-03-20
859,Dishal,FASHION,1,BSW,51.93,9.0,96.22,Coimbatore,Female,7,2023-03-29
860,Priya,MECH,4,MCom,98.6,8.44,69.87,Mumbai,Male,6,2024-06-09
861,Rahul,CHEMICAL,1,MTech,80.05,6.18,99.27,Munaar,Female,4,2025-08-21
862,Ananya,EEE,4,MBA,67.23,8.17,60.74,Mumbai,Female,6,2023-03-29
863,Arjun,MECH,3,BCom,98.93,7.76,81.92,Coimbatore,Female,4,2025-01-24
864,Arjun,CSE,2,BS,64.16,6.61,87.12,Bangalore,Female,5,2023-12-02
865,Arjun,FASHION,4,MTech,91.38,6.86,74.1,Bangalore,Male,6,2022-10-26
866,Sneha,ECE,2,MCA,98.92,8.85,74.17,Mumbai,Male,5,2023-01-18
867,Priya,FASHION,1,BCom,92.63,9.38,63.61,Pune,Male,5,2023-08-03
868,Kiran,CSE,2,BS,96.64,6.43,80.33,Delhi,Female,5,2022-09-17
869,Ananya,BIOTECH,2,BS,51.73,7.73,85.33,Delhi,Female,4,2022-07-28
870,Rahul,CSE,4,BBA,88.85,8.38,95.08,Coimbatore,Female,1,2025-04-24
871,Priya,ECE,1,BSW,91.34,7.19,93.85,Bangalore,Male,6,2024-08-12
872,Rahul,CIVIL,3,BBA,59.97,6.03,94.29,Coimbatore,Male,3,2022-04-09
873,Arjun,CSE,3,MCA,94.21,7.56,77.8,Chennai,Male,8,2022-07-01
874,Dishal,BIOTECH,2,BCA,97.09,8.28,71.38,Mumbai,Female,7,2025-04-20
875,Sneha,ECE,4,MCA,75.27,7.24,85.11,Delhi,Male,8,2023-04-27
876,Rahul,ECE,1,MTech,78.04,7.75,73.11,Pune,Male,4,2023-09-19
877,Sneha,BIOTECH,1,BTech,72.64,8.43,73.64,Pune,Male,6,2022-05-12
878,Rahul,CHEMICAL,2,BSW,98.22,6.8,90.35,Chennai,Male,2,2024-04-14
879,Dishal,CIVIL,4,MCA,66.59,6.2,70.6,Hyderabad,Male,7,2023-01-03
880,Kiran,CSE,4,MBA,89.42,8.62,69.93,Mumbai,Male,6,2022-03-04
881,Sneha,FASHION,3,MCA,58.99,8.41,87.29,Mumbai,Male,8,2022-07-11
882,Arjun,BIOTECH,2,BCom,74.59,6.55,74.16,Munaar,Male,4,2025-08-22
883,Priya,CIVIL,1,BCA,67.7,9.31,96.02,Bangalore,Female,8,2025-10-05
884,Priya,CSE,3,MCA,94.67,7.22,67.49,Mumbai,Male,6,2024-05-08
885,Sneha,IT,4,MSW,73.72,7.41,77.86,Pune,Female,8,2022-08-11
886,Kiran,MECH,1,BCom,69.06,7.84,68.95,Chennai,Female,2,2024-04-16
887,Ananya,ECE,1,BCom,96.1,7.62,89.98,Chennai,Male,8,2023-07-28
888,Rahul,FASHION,3,BSW,75.66,7.29,85.95,Coimbatore,Female,3,2025-03-23
889,Ananya,FASHION,4,BCA,92.14,7.37,97.18,Chennai,Female,8,2025-02-14
890,Kiran,ECE,3,BSW,73.67,7.82,97.59,Bangalore,Female,7,2025-07-21
891,Dishal,BIOTECH,1,BCom,71.78,8.82,95.76,Bangalore,Female,1,2022-09-08
892,Dishal,IT,3,MSW,61.86,7.82,98.25,Chennai,Male,1,2022-09-27
893,Rahul,CSE,1,BS,74.05,8.42,78.61,Delhi,Female,2,2022-07-31
894,Dishal,CSE,4,MBA,59.56,9.2,87.94,Bangalore,Female,8,2025-06-11
895,Sneha,CSE,3,MTech,56.46,7.55,75.13,Chennai,Female,1,2022-03-24
896,Arjun,CHEMICAL,2,BSW,93.01,8.11,81.65,Coimbatore,Female,2,2024-06-21
897,Dishal,CSE,4,MBA,60.36,6.11,91.7,Hyderabad,Female,4,2023-10-10
898,Arjun,IT,4,MBA,87.07,9.03,72.62,Bangalore,Female,3,2025-07-05
899,Kiran,CIVIL,3,BBA,55.61,9.02,77.13,Bangalore,Male,4,2025-08-26
900,Arjun,FASHION,4,BTech,82.44,8.35,65.6,Delhi,Male,3,2025-02-05
901,Ananya,CIVIL,4,BTech,68.89,8.5,81.77,Munaar,Female,4,2022-11-08
902,Dishal,ECE,2,BBA,72.78,8.58,85.69,Delhi,Male,1,2023-02-16
903,Ananya,ECE,3,BCA,72.23,7.99,60.48,Chennai,Female,6,2023-09-20
904,Sneha,MECH,1,BCA,69.23,8.04,91.68,Hyderabad,Female,7,2023-04-05
905,Priya,CHEMICAL,2,MS,52.1,7.54,81.1,Munaar,Female,5,2022-07-25
906,Arjun,CHEMICAL,4,MCA,83.22,7.08,73.41,Delhi,Male,7,2024-03-03
907,Ananya,CSE,1,MCA,97.23,10.0,68.03,Delhi,Female,3,2022-07-29
908,Priya,CSE,3,BCom,61.67,7.13,60.71,Munaar,Male,3,2023-09-26
909,Rahul,ECE,2,BS,52.73,9.98,60.16,Mumbai,Male,5,2023-04-14
910,Priya,EEE,3,BBA,72.59,6.96,92.62,Chennai,Male,4,2023-09-02
911,Rahul,ECE,2,MBA,83.7,6.58,94.66,Bangalore,Male,6,2022-04-24
912,Ananya,IT,1,BCom,67.77,7.29,64.88,Delhi,Male,5,2022-12-13
913,Priya,IT,4,BBA,58.01,9.38,62.02,Hyderabad,Male,3,2025-06-06
914,Rahul,EEE,1,BTech,83.89,6.84,90.37,Pune,Female,8,2022-09-27
915,Sneha,FASHION,2,MCA,82.52,9.87,67.43,Munaar,Female,5,2024-08-03
916,Arjun,ECE,3,BS,82.06,8.28,69.83,Delhi,Female,2,2024-07-22
917,Rahul,BIOTECH,4,BSW,60.79,8.29,72.55,Coimbatore,Female,8,2023-09-07
918,Arjun,CSE,1,BTech,89.7,6.42,81.55,Pune,Female,8,2025-06-14
919,Rahul,ECE,1,BS,63.75,9.47,67.38,Mumbai,Female,5,2024-10-12
920,Kiran,BIOTECH,2,MBA,50.74,9.33,81.86,Hyderabad,Female,1,2025-06-18
921,Sneha,ECE,3,MTech,84.98,8.72,61.25,Mumbai,Male,7,2025-10-31
922,Priya,IT,1,MTech,60.64,6.33,89.22,Pune,Female,3,2024-02-25
923,Dishal,IT,4,MCom,62.6,8.99,67.16,Mumbai,Male,3,2022-05-02
924,Kiran,ECE,4,BTech,70.16,10.0,89.85,Mumbai,Female,4,2022-12-14
925,Rahul,IT,4,BCA,74.81,9.33,64.37,Delhi,Male,5,2025-02-23
926,Arjun,FASHION,2,MS,65.54,9.03,63.11,Chennai,Male,7,2025-12-30
927,Sneha,CHEMICAL,1,MBA,70.25,6.02,76.67,Mumbai,Male,1,2024-10-30
928,Rahul,CHEMICAL,2,MTech,85.58,6.53,69.37,Delhi,Male,2,2024-08-29
929,Arjun,IT,1,BCom,80.78,9.68,71.92,Coimbatore,Male,3,2023-05-15
930,Kiran,FASHION,2,BCom,78.55,8.26,66.64,Coimbatore,Female,3,2023-04-16
931,Dishal,IT,1,MCA,88.48,6.13,81.41,Pune,Male,2,2022-09-14
932,Rahul,CSE,3,BTech,99.6,7.17,98.4,Hyderabad,Male,5,2025-01-11
933,Kiran,IT,3,BCA,51.57,6.67,64.24,Bangalore,Male,8,2024-11-30
934,Rahul,IT,1,BCom,93.78,8.5,81.75,Hyderabad,Female,7,2024-11-15
935,Priya,EEE,1,MCom,83.01,9.13,83.5,Coimbatore,Male,7,2025-06-07
936,Rahul,CHEMICAL,4,BTech,71.09,6.11,79.33,Bangalore,Female,7,2024-01-07
937,Sneha,EEE,1,MCom,59.18,7.17,61.48,Coimbatore,Female,5,2023-12-01
938,Ananya,MECH,1,BBA,78.66,7.98,62.89,Mumbai,Male,3,2022-06-18
939,Ananya,FASHION,3,MBA,53.26,9.12,75.54,Coimbatore,Female,5,2024-11-20
940,Priya,IT,1,BTech,87.07,9.8,91.39,Chennai,Male,2,2025-07-19
941,Sneha,CIVIL,3,MSW,95.04,6.37,60.69,Munaar,Male,6,2023-06-16
942,Dishal,FASHION,4,BSW,82.03,7.3,97.69,Hyderabad,Male,5,2025-08-19
943,Dishal,MECH,1,MCA,86.9,6.06,90.21,Munaar,Male,4,2024-05-26
944,Dishal,BIOTECH,3,BSW,70.84,8.65,90.6,Mumbai,Male,3,2023-02-13
945,Kiran,MECH,2,MBA,77.49,8.87,80.62,Pune,Male,1,2025-12-21
946,Dishal,BIOTECH,1,MCom,52.69,9.11,62.03,Chennai,Female,2,2025-09-28
947,Ananya,MECH,3,BS,84.59,7.24,95.96,Munaar,Male,1,2024-05-04
948,Sneha,IT,2,MSW,50.81,7.68,90.96,Munaar,Female,6,2022-08-09
949,Arjun,CIVIL,3,BCA,55.56,7.87,93.05,Mumbai,Female,7,2024-02-28
950,Kiran,BIOTECH,4,BS,68.66,8.83,70.35,Hyderabad,Female,7,2022-01-02
951,Ananya,CSE,4,BCA,75.07,9.38,89.79,Delhi,Male,3,2022-07-13
952,Rahul,IT,2,MBA,54.59,7.79,61.4,Delhi,Female,7,2022-12-26
953,Dishal,IT,4,MS,81.31,6.33,72.3,Mumbai,Female,3,2025-03-11
954,Ananya,CSE,1,BS,76.27,7.05,79.97,Mumbai,Male,2,2022-09-03
955,Dishal,BIOTECH,2,MBA,92.79,9.6,72.79,Pune,Female,2,2023-02-21
956,Dishal,FASHION,1,BS,63.3,8.7,76.85,Bangalore,Female,8,2024-02-12
957,Kiran,CHEMICAL,1,BCA,51.85,6.42,61.0,Coimbatore,Female,5,2022-07-09
958,Kiran,MECH,3,MS,92.16,7.47,88.79,Coimbatore,Female,8,2024-12-26
959,Ananya,IT,4,MSW,58.81,7.09,82.37,Coimbatore,Male,5,2023-03-17
960,Priya,FASHION,1,MCom,60.85,9.25,90.32,Hyderabad,Male,2,2024-07-24
961,Priya,FASHION,1,BCom,93.53,7.49,70.29,Pune,Female,4,2022-05-26
962,Arjun,MECH,3,BTech,79.5,9.39,71.08,Mumbai,Male,2,2023-11-07
963,Dishal,ECE,4,MBA,92.28,6.8,97.06,Chennai,Female,6,2023-12-13
964,Rahul,EEE,2,BBA,92.46,7.23,84.07,Chennai,Male,3,2024-05-31
965,Dishal,FASHION,4,BTech,74.49,7.74,86.8,Mumbai,Male,2,2025-11-12
966,Dishal,IT,4,BBA,73.12,8.0,84.47,Chennai,Female,1,2023-02-18
967,Dishal,MECH,4,MSW,83.1,7.47,65.99,Hyderabad,Female,3,2022-07-15
968,Rahul,BIOTECH,1,BS,55.97,7.93,73.97,Mumbai,Female,1,2025-10-12
969,Priya,FASHION,4,MS,87.31,7.32,86.16,Coimbatore,Male,3,2023-09-01
970,Rahul,IT,4,BTech,95.87,7.54,93.58,Bangalore,Female,5,2022-11-26
971,Priya,BIOTECH,1,MSW,76.61,6.21,64.08,Munaar,Female,1,2025-12-01
972,Ananya,MECH,4,MSW,88.31,8.0,80.0,Mumbai,Female,1,2025-04-19
973,Dishal,CSE,2,MTech,91.44,6.39,74.47,Pune,Female,4,2023-01-28
974,Arjun,CSE,2,MBA,81.11,7.23,72.01,Munaar,Male,2,2022-10-20
975,Sneha,CHEMICAL,1,BBA,59.41,7.61,78.07,Munaar,Male,1,2024-08-09
976,Priya,BIOTECH,2,MCom,78.17,7.14,99.16,Delhi,Male,4,2022-01-23
977,Arjun,IT,1,BBA,95.18,7.02,74.23,Mumbai,Female,7,2025-10-31
978,Arjun,CIVIL,3,MCA,93.43,6.74,64.36,Hyderabad,Male,6,2025-09-15
979,Ananya,CSE,1,MTech,89.95,8.2,64.79,Coimbatore,Female,5,2023-06-11
980,Kiran,CIVIL,3,MBA,84.34,7.89,83.66,Hyderabad,Male,3,2024-02-29
981,Arjun,CHEMICAL,3,MTech,89.3,8.36,80.2,Bangalore,Female,7,2024-11-23
982,Dishal,FASHION,2,MSW,71.6,7.35,73.18,Mumbai,Female,4,2022-04-30
983,Rahul,CIVIL,1,BS,89.68,7.34,94.55,Bangalore,Female,2,2024-04-07
984,Priya,CSE,3,BBA,66.75,8.86,97.64,Hyderabad,Male,6,2022-09-10
985,Priya,IT,2,BCom,68.83,8.44,93.47,Coimbatore,Female,2,2025-10-16
986,Dishal,EEE,3,BSW,54.28,6.5,83.68,Hyderabad,Female,5,2022-12-02
987,Dishal,CHEMICAL,2,BS,50.22,7.47,76.74,Chennai,Male,5,2022-10-14
988,Arjun,FASHION,2,BCom,95.48,7.06,80.37,Coimbatore,Female,6,2022-02-03
989,Sneha,IT,3,BTech,96.04,7.48,78.14,Delhi,Male,5,2022-04-02
990,Arjun,MECH,4,MBA,90.27,7.82,89.78,Coimbatore,Male,5,2025-06-29
991,Rahul,IT,1,MTech,67.99,7.37,83.15,Delhi,Male,7,2024-07-12
992,Dishal,CIVIL,3,MBA,89.84,8.81,61.29,Bangalore,Female,5,2023-10-05
993,Priya,FASHION,4,MCom,66.86,8.08,75.74,Munaar,Female,1,2024-12-13
994,Arjun,CIVIL,1,MBA,81.18,8.78,80.04,Mumbai,Male,5,2024-12-18
995,Ananya,FASHION,1,BSW,91.71,8.98,76.51,Mumbai,Female,3,2025-11-14
996,Priya,CHEMICAL,1,MCom,56.96,9.82,94.55,Munaar,Male,2,2025-07-14
997,Kiran,FASHION,4,BCom,93.57,6.19,75.81,Bangalore,Female,2,2023-12-03
998,Dishal,BIOTECH,3,BCom,54.71,7.38,60.81,Delhi,Male,7,2022-08-18
999,Kiran,CIVIL,1,MCom,59.17,7.53,77.81,Mumbai,Male,8,2023-07-08
1000,Sneha,CIVIL,2,BBA,96.08,7.52,85.85,Hyderabad,Female,4,2023-07-18
1001,Kiran,IT,4,MCA,60.05,7.56,99.44,Delhi,Female,1,2022-01-23
1002,Ananya,ECE,3,MSW,72.47,8.02,95.99,Chennai,Male,7,2023-03-04
1003,Dishal,CHEMICAL,3,BCom,57.33,8.62,65.15,Mumbai,Male,2,2022-01-20
1004,Kiran,CSE,2,BCA,60.86,8.74,73.79,Delhi,Male,2,2022-06-26
1005,Dishal,CHEMICAL,3,BBA,91.26,8.22,63.35,Delhi,Female,7,2023-02-08
1006,Dishal,IT,4,MSW,85.93,8.87,69.39,Bangalore,Male,5,2025-04-30
1007,Dishal,EEE,2,BBA,65.52,9.7,70.65,Pune,Male,1,2023-11-06
1008,Dishal,EEE,1,BTech,78.49,9.01,81.02,Coimbatore,Male,2,2025-03-01
1009,Rahul,MECH,2,BCom,56.26,6.58,77.9,Hyderabad,Male,3,2025-11-23
1010,Dishal,FASHION,1,BSW,68.97,6.2,65.04,Delhi,Male,1,2023-09-05
1011,Kiran,EEE,3,BCA,83.48,9.95,68.49,Bangalore,Female,1,2023-12-01
1012,Rahul,ECE,3,BBA,59.88,6.29,87.03,Coimbatore,Female,5,2025-11-23
1013,Priya,CIVIL,3,MCom,93.51,7.65,90.85,Chennai,Female,1,2022-01-08
1014,Arjun,CSE,3,MS,74.79,8.55,74.89,Munaar,Female,7,2024-11-05
1015,Kiran,BIOTECH,2,MCom,56.01,7.43,88.51,Coimbatore,Male,8,2022-01-06
1016,Ananya,EEE,4,MCom,50.94,8.3,75.05,Pune,Female,3,2023-12-03
1017,Rahul,EEE,4,BBA,59.8,9.55,61.7,Munaar,Female,5,2024-11-16
1018,Priya,CIVIL,1,MSW,89.15,9.06,60.38,Hyderabad,Female,6,2025-07-09
1019,Dishal,ECE,1,MSW,82.56,9.35,63.95,Coimbatore,Female,6,2023-11-21
1020,Ananya,EEE,2,BSW,69.88,9.55,69.94,Mumbai,Male,6,2023-02-26
1021,Sneha,CSE,3,BS,57.54,8.08,97.91,Mumbai,Male,6,2022-03-25
1022,Kiran,FASHION,3,BTech,80.51,8.6,95.77,Delhi,Female,6,2022-08-01
1023,Priya,FASHION,4,MSW,94.16,9.01,70.5,Coimbatore,Female,7,2025-06-24
1024,Ananya,BIOTECH,2,BBA,50.46,9.42,91.57,Bangalore,Female,5,2022-04-11
1025,Priya,CIVIL,3,BCom,92.19,9.81,84.07,Chennai,Female,2,2023-07-10
1026,Arjun,CHEMICAL,2,MTech,81.15,8.75,85.72,Chennai,Male,8,2022-04-01
1027,Priya,BIOTECH,1,BTech,91.17,6.89,75.65,Coimbatore,Female,1,2024-01-15
1028,Sneha,IT,3,MSW,65.74,6.34,80.38,Munaar,Male,6,2025-08-23
1029,Ananya,EEE,2,MSW,99.61,6.17,89.76,Chennai,Male,6,2022-10-05
1030,Sneha,EEE,4,MCom,71.58,8.39,98.56,Mumbai,Female,6,2025-10-19
1031,Rahul,IT,1,MBA,63.97,9.61,93.53,Hyderabad,Male,6,2022-12-11
1032,Ananya,IT,2,BTech,90.84,9.0,66.94,Chennai,Male,8,2023-04-19
1033,Sneha,CHEMICAL,4,BSW,64.08,8.56,88.71,Munaar,Female,8,2022-02-21
1034,Ananya,CHEMICAL,1,MBA,83.09,7.0,88.79,Hyderabad,Male,4,2023-05-14
1035,Rahul,CSE,4,BBA,63.95,9.1,89.46,Bangalore,Male,1,2024-02-08
1036,Sneha,ECE,2,MSW,77.35,8.23,76.94,Pune,Male,3,2025-05-16
1037,Ananya,CIVIL,3,BTech,70.67,7.45,64.05,Delhi,Female,2,2023-12-22
1038,Ananya,BIOTECH,3,MS,81.28,7.34,98.57,Chennai,Female,1,2024-03-26
1039,Dishal,CIVIL,1,MTech,55.08,9.57,62.36,Pune,Female,4,2025-02-08
1040,Priya,EEE,2,BCA,55.74,9.36,85.74,Munaar,Female,1,2022-01-24
1041,Sneha,MECH,3,MS,50.46,6.52,89.14,Munaar,Male,1,2024-11-10
1042,Dishal,IT,1,MCom,95.04,6.0,88.02,Mumbai,Female,4,2025-06-22
1043,Priya,ECE,4,BCom,56.2,7.08,89.71,Mumbai,Male,1,2025-12-07
1044,Dishal,IT,4,BSW,54.92,6.88,83.53,Chennai,Female,5,2024-07-23
1045,Sneha,BIOTECH,2,MCom,84.82,6.62,62.59,Mumbai,Female,2,2022-07-04
1046,Rahul,CIVIL,3,MSW,62.83,8.89,67.52,Pune,Male,5,2025-08-28
1047,Arjun,CIVIL,3,MCom,81.44,8.41,70.94,Munaar,Female,2,2023-10-19
1048,Rahul,CSE,4,MBA,81.79,9.84,62.69,Pune,Male,2,2024-11-14
1049,Ananya,FASHION,3,BTech,83.85,7.34,78.88,Chennai,Male,2,2024-09-20
1050,Priya,IT,1,MBA,79.27,7.17,72.7,Chennai,Male,6,2022-07-05
1051,Arjun,ECE,3,BS,50.19,6.17,89.43,Hyderabad,Male,1,2023-04-30
1052,Dishal,IT,2,BCA,85.62,7.01,93.0,Coimbatore,Male,8,2025-04-02
1053,Arjun,CIVIL,3,MTech,96.43,6.11,92.21,Chennai,Female,8,2025-08-02
1054,Rahul,CIVIL,1,BSW,91.71,8.37,93.95,Pune,Male,4,2023-06-28
1055,Ananya,BIOTECH,2,BTech,69.88,9.44,91.85,Pune,Male,2,2023-04-03
1056,Kiran,ECE,1,MS,94.85,6.61,88.69,Munaar,Male,4,2024-09-17
1057,Arjun,MECH,1,MSW,92.46,8.91,61.6,Bangalore,Male,4,2025-08-13
1058,Ananya,CIVIL,2,BSW,67.08,6.98,67.27,Coimbatore,Female,3,2024-10-12
1059,Dishal,FASHION,3,BCA,93.22,8.46,75.55,Chennai,Male,1,2024-02-11
1060,Ananya,MECH,2,BS,55.85,8.56,72.69,Bangalore,Female,4,2023-05-14
1061,Ananya,IT,2,MCA,84.41,7.32,69.07,Chennai,Male,2,2023-04-28
1062,Dishal,MECH,1,MS,75.01,8.32,91.52,Delhi,Male,4,2023-05-26
1063,Arjun,CSE,4,MS,67.64,6.79,60.36,Delhi,Male,8,2022-07-30
1064,Sneha,ECE,3,BTech,74.87,7.54,69.21,Mumbai,Female,6,2024-08-16
1065,Priya,IT,2,MCom,73.25,7.46,60.56,Munaar,Male,1,2022-11-19
1066,Ananya,EEE,1,MCA,63.78,8.06,80.13,Delhi,Female,3,2025-07-14
1067,Ananya,MECH,2,MCA,77.55,6.51,81.09,Delhi,Male,8,2022-06-19
1068,Dishal,IT,1,MSW,65.83,7.4,85.03,Chennai,Female,2,2023-08-30
1069,Ananya,FASHION,4,MBA,64.39,6.14,70.5,Chennai,Female,7,2023-09-12
1070,Dishal,IT,3,BBA,90.29,6.09,80.84,Pune,Female,8,2023-10-27
1071,Sneha,FASHION,1,BSW,80.42,7.6,70.02,Coimbatore,Male,1,2025-07-05
1072,Dishal,MECH,2,BS,87.68,6.3,92.73,Coimbatore,Male,6,2023-03-23
1073,Dishal,IT,1,MSW,51.67,8.64,96.42,Bangalore,Female,6,2025-08-28
1074,Rahul,IT,3,MCA,55.26,8.6,67.39,Bangalore,Male,7,2023-03-23
1075,Rahul,IT,2,MS,55.01,7.5,85.86,Delhi,Male,2,2024-05-16
1076,Rahul,CHEMICAL,2,BCA,66.06,9.01,65.98,Munaar,Male,7,2025-10-10
1077,Arjun,FASHION,4,MS,62.38,9.35,68.61,Bangalore,Male,5,2022-06-29
1078,Priya,MECH,1,BSW,89.03,7.25,80.37,Delhi,Male,6,2022-01-18
1079,Ananya,CSE,1,BCom,64.85,7.25,86.49,Coimbatore,Female,1,2022-12-29
1080,Ananya,ECE,4,BSW,84.04,8.51,97.47,Bangalore,Male,2,2022-01-24
1081,Dishal,MECH,4,BBA,93.14,8.52,92.79,Coimbatore,Female,2,2024-10-16
1082,Kiran,CSE,2,MSW,82.55,6.47,92.16,Coimbatore,Female,5,2024-08-20
1083,Kiran,BIOTECH,1,MCom,91.57,8.17,97.42,Hyderabad,Female,2,2022-01-17
1084,Rahul,CIVIL,3,MCom,97.37,6.58,94.38,Chennai,Male,6,2022-04-04
1085,Dishal,CIVIL,2,BCA,95.69,9.29,90.05,Delhi,Male,8,2024-02-18
1086,Kiran,CHEMICAL,1,MCA,61.89,7.53,91.66,Bangalore,Female,1,2022-10-23
1087,Kiran,CSE,2,MCA,62.12,8.3,76.07,Hyderabad,Male,8,2022-01-02
1088,Ananya,ECE,2,BBA,79.19,7.85,94.14,Delhi,Male,2,2024-06-13
1089,Dishal,CIVIL,2,BS,93.0,8.68,78.63,Munaar,Male,2,2025-01-27
1090,Ananya,ECE,3,MBA,62.91,6.94,69.71,Munaar,Female,3,2023-11-09
1091,Arjun,MECH,1,BCom,79.65,9.81,94.11,Coimbatore,Male,3,2025-07-27
1092,Ananya,MECH,1,MTech,78.83,7.86,75.19,Mumbai,Male,4,2024-12-05
1093,Kiran,FASHION,3,BBA,69.49,7.49,75.91,Coimbatore,Female,7,2025-12-21
1094,Dishal,FASHION,3,BCA,76.03,7.02,74.54,Delhi,Male,5,2022-03-24
1095,Ananya,CIVIL,1,MSW,71.55,7.08,96.07,Mumbai,Female,1,2025-05-29
1096,Sneha,BIOTECH,4,BBA,88.47,7.11,92.84,Delhi,Male,8,2023-10-02
1097,Rahul,IT,2,BSW,84.98,6.27,66.79,Pune,Male,6,2024-08-25
1098,Kiran,IT,4,MCom,98.84,8.43,99.02,Coimbatore,Female,3,2025-04-07
1099,Priya,CHEMICAL,3,BTech,88.44,7.54,81.74,Chennai,Male,8,2024-07-04
1101,asd,cse,2,btech,90.0,9.0,90.0,chennai,male,1,12-21-1222
